"","Species","AH","MainCategory","SubCategory","Family","SCCS10","SCCS101","SCCS103","SCCS105","SCCS106","SCCS11","SCCS110","SCCS111","SCCS112","SCCS113","SCCS114","SCCS115","SCCS116","SCCS117","SCCS12","SCCS14","SCCS141","SCCS149","SCCS15","SCCS152","SCCS153","SCCS154","SCCS155","SCCS157","SCCS158","SCCS159","SCCS16","SCCS160","SCCS163","SCCS168","SCCS169","SCCS17","SCCS171","SCCS172","SCCS18","SCCS184","SCCS19","SCCS20","SCCS21","SCCS22","SCCS23","SCCS24","SCCS25","SCCS26","SCCS27","SCCS28","SCCS29","SCCS3","SCCS30","SCCS31","SCCS32","SCCS33","SCCS34","SCCS35","SCCS36","SCCS37","SCCS38","SCCS39","SCCS4","SCCS40","SCCS41","SCCS42","SCCS43","SCCS44","SCCS45","SCCS46","SCCS47","SCCS48","SCCS49","SCCS5","SCCS50","SCCS51","SCCS52","SCCS54","SCCS55","SCCS56","SCCS57","SCCS58","SCCS59","SCCS6","SCCS60","SCCS61","SCCS62","SCCS63","SCCS64","SCCS65","SCCS66","SCCS67","SCCS68","SCCS69","SCCS7","SCCS70","SCCS71","SCCS72","SCCS73","SCCS74","SCCS75","SCCS76","SCCS78","SCCS8","SCCS81","SCCS82","SCCS83","SCCS84","SCCS85","SCCS87","SCCS88","SCCS89","SCCS92","SCCS93","SCCS94","SCCS98","SCCS99","Aspect","BulkDensity","ClayPercentage","annualPET","aridityIndexThornthwaite","climaticMoistureIndex","continentality","embergerQ","growingDegDays0","growingDegDays5","maxTempColdest","minTempWarmest","monthCountByTemp10","PETColdestQuarter","PETDriestQuarter","PETseasonality","PETWarmestQuarter","PETWettestQuarter","thermicityIndex","OrganicCarbon","PhCaCL","Slope","bio1","bio2","bio3","bio4","bio5","bio6","bio7","bio8","bio9","bio10","bio11","bio12","bio13","bio14","bio15","bio16","bio17","bio18","bio19"
"Sus scrofa","Sus scrofa","H","Pigs","Pigs","Suidae",NA,1,1,1,1,NA,1,1,1,1,NA,1,1,NA,NA,NA,NA,NA,NA,NA,NA,1,NA,1,1,1,1,NA,NA,1,1,NA,NA,1,1,1,NA,NA,NA,1,NA,NA,NA,NA,NA,NA,NA,1,1,NA,NA,NA,NA,NA,NA,NA,NA,NA,NA,NA,NA,NA,NA,NA,NA,NA,NA,1,NA,NA,NA,1,NA,NA,NA,NA,NA,NA,NA,1,NA,NA,NA,NA,NA,NA,NA,NA,1,1,NA,1,NA,NA,1,1,1,1,1,NA,NA,NA,NA,NA,1,1,1,1,1,1,1,1,1,-0.221043274532771,0.0456889016811573,0.378402516898273,-0.35560629872817,-0.225280248658864,-0.0412101063636905,-0.268572954620873,-0.199335248731718,-0.103135367381481,-0.272443024292422,0.101321713013521,0.167948417916172,0.00122130305110665,-0.52679531778865,-0.346152755510806,0.409262794947999,-0.231871911384833,-0.413461395067948,-0.0638106751486421,0.0794815052808795,0.559404595744212,-0.0283401554997912,0.161086423832876,-0.997918731424298,-0.426053207044756,-0.25891001439947,-0.0534253407388469,0.337507113330037,-0.509467550429553,-0.186098319195923,0.1456149117267,0.0845639646356008,0.20956516823192,-0.143342821251274,-0.432181064379844,0.494976739421405,-1.20725750678868,-0.420741191014157,0.497933516161985,-0.300259290614394,0.0941291147427658
"Capra hircus aegagrus","Capra hircus aegagrus","H","Ovicaprids","Goats","Caprinae",4,NA,NA,NA,NA,1,NA,NA,NA,NA,4,NA,NA,NA,4,4,NA,1,4,NA,NA,NA,4,NA,NA,1,1,1,NA,NA,NA,1,NA,NA,1,NA,4,4,1,1,1,NA,1,NA,NA,NA,NA,1,1,1,4,NA,1,NA,NA,1,NA,1,NA,1,NA,NA,NA,4,NA,NA,4,NA,4,NA,NA,NA,NA,NA,NA,NA,1,1,NA,1,4,NA,NA,NA,1,1,4,4,1,4,4,NA,NA,NA,NA,NA,NA,NA,NA,NA,NA,NA,1,NA,NA,NA,NA,NA,NA,NA,NA,NA,NA,0.0411022610132374,0.331502936195422,0.585033155548377,0.493414834883561,1.1562540058465,-0.974610970744958,-0.00113268124531239,-0.427004453305655,0.414971775639166,0.304684000669931,0.335158360880222,0.817852608829373,0.409348776650645,-0.0310588435817307,1.55314439121308,1.10120772619618,1.00310691583951,-1.00560170956676,0.353401084246925,-0.372318021598842,1.28737310511797,1.23247797360832,0.526273773958192,0.558935890937021,-0.162508277610747,-0.0228234931751624,0.955374370792353,0.396815518395652,0.0583702656409197,-0.850143390495245,1.12218683420061,0.847486812862812,0.376142324973521,-0.488748420755554,-0.362692405796361,-0.600957479778575,0.841701192044848,-0.358644189984387,-0.633849436974401,-1.07691904836995,0.278863665091281
"Ovis aries orientalis","Ovis aries orientalis","H","Ovicaprids","Sheep","Caprinae",4,NA,NA,NA,NA,1,NA,NA,NA,NA,4,NA,NA,NA,4,4,NA,1,4,NA,NA,NA,4,NA,NA,1,1,NA,NA,NA,NA,1,NA,1,1,1,4,4,1,1,1,NA,1,NA,NA,NA,NA,1,1,1,4,NA,1,NA,NA,1,NA,NA,NA,1,NA,NA,1,4,NA,NA,4,NA,4,NA,NA,1,NA,NA,NA,NA,1,1,NA,NA,4,NA,NA,NA,1,1,4,4,NA,4,4,NA,NA,NA,NA,NA,NA,NA,NA,NA,NA,NA,NA,NA,NA,NA,NA,NA,NA,NA,NA,NA,NA,-0.277744831058709,0.335032554535652,0.417113544027013,-0.0294803689509634,1.12301675408336,-1.184690594073,0.175069264137744,-0.51388075604134,-0.205002306853574,-0.298739889632329,-0.0979815479041737,-0.00971579436344155,-0.289863025945665,-0.389830258474186,0.710256120917848,0.837618269914304,0.360668655590057,-0.722598816181513,-0.248744025014407,-0.359933694122078,0.886800394233596,0.87259654480707,-0.0273154199644437,0.332087341980642,-0.333522503303215,0.138489942812012,0.183160707488652,-0.0682512803144125,0.214302763363247,-0.87359569970407,0.533031096730327,0.0739766459609965,-0.0661548493304116,-0.757173970837608,-0.718053376474497,-0.564480321399697,0.0513003229119095,-0.739990440247354,-0.574960362161361,-1.00060720645059,-0.264560998520391
"Equus africanus","Equus africanus","H","Equines","Donkey/Mule","Equidae",NA,NA,NA,NA,NA,NA,NA,NA,NA,NA,NA,NA,NA,NA,NA,NA,NA,1,NA,NA,NA,NA,NA,NA,NA,1,NA,1,NA,NA,NA,NA,NA,1,NA,NA,NA,NA,NA,1,1,NA,NA,4,NA,NA,NA,NA,1,NA,NA,NA,1,NA,NA,1,NA,1,NA,1,NA,NA,1,NA,NA,1,NA,NA,NA,NA,NA,NA,NA,NA,NA,NA,1,1,NA,NA,NA,NA,NA,NA,NA,1,NA,NA,NA,NA,NA,NA,NA,NA,NA,NA,NA,NA,NA,NA,NA,NA,NA,NA,NA,NA,NA,NA,NA,NA,NA,NA,NA,1.20632904508962,0.278973910308474,0.124519371622666,1.26178281920457,1.36081752916077,-1.3994135435041,-1.09637717065537,-0.447938773257566,1.48471549014912,1.49289054095034,1.24851061069252,1.40248542880983,1.11847847715612,1.58734141951444,0.855288083760502,-1.30076065581358,0.675732476165967,1.22284091642103,1.4736588688505,-0.405038563398332,1.23229435737137,-0.238189155020079,1.2902523916502,-0.072134666368542,1.06527981741144,-1.06439914616398,1.13325041134322,1.34315939225488,-1.15858236195572,1.58045393590737,1.04555538862755,1.30091369052136,1.28167344455095,-0.79848168463299,-0.742540701704663,-0.617447154114233,0.664901981272182,-0.795669892757232,-0.634124736516663,-0.75229217183837,-0.579340977016915
"Equus przewalskii","Equus przewalskii","H","Equines","Horse","Equidae",NA,NA,NA,NA,NA,NA,NA,NA,NA,NA,NA,NA,NA,NA,NA,NA,1,1,NA,NA,NA,NA,NA,NA,NA,1,1,1,NA,NA,NA,NA,NA,1,NA,1,NA,NA,NA,1,NA,NA,1,4,NA,NA,NA,NA,1,NA,NA,NA,NA,NA,NA,1,NA,NA,NA,2,NA,NA,NA,NA,NA,1,NA,NA,NA,NA,NA,1,NA,NA,NA,NA,1,1,NA,NA,NA,NA,NA,NA,NA,1,NA,NA,NA,NA,NA,NA,NA,NA,NA,NA,NA,NA,NA,NA,NA,NA,NA,NA,NA,NA,NA,NA,NA,NA,NA,NA,NA,0.0664981479014901,-0.150108295713718,0.0372241763180666,-0.678879211668817,0.0571766169692178,-0.521156085044171,0.774938050648896,-0.463333707752679,-0.938279800218103,-0.928072396228127,-0.76582835162206,-0.724130268444212,-1.00891062436031,-0.89110846111566,-0.978150209020691,0.601103578779425,-0.431268003483803,0.165129201403941,-0.818328749477729,-0.0920876388606403,0.338985917356174,0.328028120090117,-0.754127097279828,0.56183071000723,-0.551806941886075,0.768131765770463,-0.6765152036559,-0.905660299639306,0.837766334196793,-0.309333140139742,-0.931927304325582,-0.676576126455681,-0.828965087114728,-0.570827735683075,-0.337377499667213,-0.573474689219147,1.25697375688297,-0.361083577762853,-0.606044183205898,-0.0322750669427117,-0.56716594268688
"Rangifer tarandus","Rangifer tarandus","H","Deer","Deer/Reindeer","Cervidae",NA,NA,NA,NA,NA,NA,NA,NA,NA,NA,NA,NA,NA,NA,NA,NA,NA,NA,NA,NA,NA,NA,NA,NA,NA,NA,NA,NA,NA,NA,NA,NA,NA,NA,NA,NA,NA,NA,NA,NA,NA,NA,NA,NA,NA,NA,NA,NA,NA,NA,NA,NA,NA,NA,NA,NA,NA,NA,NA,NA,NA,NA,NA,NA,NA,NA,NA,NA,NA,NA,NA,NA,1,NA,NA,NA,NA,NA,NA,NA,NA,NA,NA,NA,NA,NA,NA,NA,NA,NA,NA,NA,NA,NA,NA,NA,NA,NA,NA,NA,NA,NA,NA,NA,NA,NA,NA,NA,NA,NA,NA,NA,NA,-0.550010834236906,0.449018464464247,-0.903700715364311,-1.18422000688723,-2.0707142657426,2.01984480336542,-0.3873549814909,0.179976082366326,-1.06058209489892,-1.0426608824834,-0.419803278548586,-1.38504466061407,-1.40562654072701,-0.896060554932293,-0.641033434189962,-0.472169469958247,-1.38920736585453,-1.48812566948887,-1.0423127740047,-0.278128658194259,-1.07162462507455,1.52233394008583,-0.712420477403825,-1.55322936883548,-0.580763040881761,-0.350401816845315,-1.54235998346064,-0.203285578347491,-0.709696177153766,-1.40933172315803,-0.314858768803825,-1.36903862273105,-0.353514870413544,0.513441012145209,-0.00567627332026057,1.14370003364409,-1.16917490544942,0.0694086598410946,1.13172160924775,0.445980654675216,0.651887040140372
"Camelus bactrianus","Camelus bactrianus","H","Camelids","Bactrian camel","Camelidae",NA,NA,NA,NA,NA,NA,NA,NA,NA,NA,NA,NA,NA,NA,NA,NA,NA,NA,NA,NA,NA,NA,NA,NA,NA,NA,NA,NA,NA,NA,NA,NA,NA,NA,NA,NA,NA,NA,NA,NA,NA,NA,NA,NA,NA,NA,NA,NA,NA,NA,NA,NA,NA,NA,NA,NA,NA,NA,NA,NA,NA,NA,NA,NA,NA,NA,NA,NA,NA,NA,NA,NA,NA,NA,NA,NA,NA,NA,NA,NA,NA,NA,NA,NA,NA,1,NA,NA,NA,NA,NA,NA,NA,NA,NA,NA,NA,NA,NA,NA,NA,NA,NA,NA,NA,NA,NA,NA,NA,NA,NA,NA,NA,0.00635712596720375,0.5530383931969,0.205488828137076,-0.324726587946353,0.93118065987403,-1.12783885726268,0.63015211616845,-0.528862790104434,-0.697395919189696,-0.724538570389886,-0.465998069072263,-0.285471459123655,-0.517974677856518,-0.731454288207072,-0.662023856022239,1.0135462821092,0.130994975286297,0.497709221442364,-0.477894147959288,-0.387382429457023,1.24606404430802,0.674765317462606,-0.368231866171486,0.665079256844684,-0.494637207971516,0.621446262542406,-0.085415887240553,-0.57550586893368,0.75476519784112,0.00633494181104226,-0.537337159177217,-0.162315820726932,-0.501624541359159,-0.78371294622294,-0.722588066331935,-0.558817200920784,0.719175227369837,-0.735060488723042,-0.587874413416579,-0.686541224094008,-0.520630255914305
"Camelus dromedarius","Camelus dromedarius","H","Camelids","Arabian camel","Camelidae",NA,NA,NA,NA,NA,NA,NA,NA,NA,NA,NA,NA,NA,NA,NA,NA,NA,NA,NA,NA,NA,NA,NA,NA,NA,NA,NA,NA,NA,NA,NA,NA,NA,NA,NA,NA,NA,NA,NA,NA,NA,NA,NA,NA,NA,NA,NA,NA,NA,NA,NA,NA,NA,NA,4,NA,NA,NA,NA,1,4,NA,1,NA,NA,1,NA,NA,NA,NA,NA,NA,NA,NA,NA,NA,NA,1,NA,NA,NA,NA,NA,NA,NA,1,NA,NA,NA,NA,NA,NA,NA,NA,NA,NA,NA,NA,NA,NA,NA,NA,NA,NA,NA,NA,NA,NA,NA,NA,NA,NA,NA,-0.467355783089934,0.361193255175002,-0.0526013145026077,0.83756148382652,1.47861541016654,-1.46543852183581,-0.254158536616983,-0.556518437330667,0.834392117188347,0.841613305650337,0.602732345220321,1.03999097710172,0.876040972709805,0.26155961195869,1.70855122311286,1.05676704612594,1.3023242554062,-0.885202199421302,0.694087743291322,-0.425448406302964,1.22311456608027,0.30117573497818,0.813235455105255,0.699817085687192,0.126062760243692,-0.25994555958047,1.14679114799415,0.654472921020312,-0.180649164726225,-0.447076369559574,1.20623422611944,1.09759772402678,0.64142976472708,-0.906129377932909,-0.889691387578529,-0.637601200524481,0.577735858751704,-0.893433049109595,-0.675970266940549,-1.10817286209597,-0.393739342563503
"Lama glama guanicoe","Lama glama guanicoe","H","Camelids","Llama","Camelidae",NA,NA,NA,NA,NA,NA,NA,NA,NA,NA,NA,NA,NA,NA,NA,NA,NA,NA,NA,NA,NA,NA,NA,NA,NA,NA,NA,NA,NA,NA,NA,NA,4,1,NA,NA,NA,NA,NA,NA,NA,NA,NA,NA,NA,NA,NA,NA,NA,NA,NA,NA,NA,NA,NA,NA,NA,NA,NA,NA,NA,NA,NA,NA,NA,NA,NA,NA,NA,NA,NA,NA,NA,NA,NA,NA,NA,NA,NA,NA,NA,NA,NA,NA,NA,NA,NA,NA,NA,NA,NA,NA,NA,NA,NA,NA,NA,NA,NA,NA,NA,NA,NA,NA,NA,NA,NA,NA,NA,NA,NA,NA,NA,-0.0254179509909654,-0.483352600934978,-0.0949524964865,-0.441730811965312,0.285058678780872,-0.230544592028294,-0.87042750676941,-0.190194118044306,-0.477134537810103,-0.625251961115374,0.163019773898289,-1.03093044630313,-0.670212525230318,-0.462765627057453,0.303580908497381,-0.0420953714655047,-0.531588190385066,-1.44555059727773,-0.226484857758829,-0.0945765088943667,-0.172527847511536,1.30284660188165,-0.135997838936114,-0.34145190214753,0.519915957005424,-0.843539493807274,-0.953913961903571,0.29130844222698,-1.02582677797664,-1.16820663984279,0.301755081794641,-0.874165893676635,0.191070352246659,-0.380241869474164,-0.555251458569101,0.13551860883262,-0.733895728901825,-0.531376960320393,0.100881077138501,-0.603783304751119,0.011060231467973
"Bubalus bubalis arnee","Bubalus bubalis arnee","H","Bovines","Buffalo","Bovinae",NA,NA,NA,NA,NA,NA,1,NA,NA,NA,NA,NA,NA,NA,NA,NA,NA,NA,NA,NA,NA,NA,NA,NA,NA,NA,NA,NA,NA,NA,NA,NA,NA,NA,NA,NA,NA,NA,NA,NA,NA,NA,NA,NA,NA,NA,NA,NA,NA,NA,NA,NA,NA,NA,NA,NA,NA,NA,NA,NA,NA,NA,NA,NA,4,NA,4,NA,NA,NA,NA,NA,NA,NA,NA,4,NA,NA,4,NA,4,4,NA,4,NA,NA,NA,4,NA,NA,NA,NA,4,4,1,4,4,1,NA,NA,NA,4,NA,1,NA,4,NA,NA,NA,NA,NA,NA,NA,0.264300554927425,0.385173897427739,0.0827694956074226,0.568413077287035,-0.0276271926716857,1.23816173005822,-1.05897789250376,1.72028683421239,1.24951441565167,1.26422021580251,1.05986508102125,1.32512380801846,1.11847847715612,0.911684175234635,0.372270106218063,-1.27782153908493,-0.279268268529111,0.241308066983676,1.18557138409042,-0.287985684597064,-0.313353001267641,-0.0836574696253585,1.11789739156773,-0.934790749290825,0.895812391879,-1.04270413926889,0.52299403000695,1.17310550652261,-1.31325952450005,1.16347187817447,0.907742385701809,0.954308376211552,1.11508792508247,2.16960398091675,3.0416013007042,0.0517587960078655,0.490980897186512,2.92012754079089,0.107532230338255,3.47626037110228,0.56044515351313
"Bos grunniens mutus","Bos grunniens mutus","H","Bovines","Yak","Bovinae",NA,NA,NA,NA,NA,NA,NA,NA,NA,NA,NA,4,NA,NA,NA,NA,NA,NA,NA,NA,NA,NA,NA,NA,NA,NA,NA,NA,NA,NA,NA,NA,NA,NA,NA,NA,NA,NA,NA,NA,NA,NA,NA,NA,NA,NA,NA,NA,NA,NA,NA,NA,NA,NA,NA,NA,NA,NA,NA,NA,NA,NA,NA,NA,NA,NA,NA,NA,NA,NA,NA,NA,NA,NA,NA,NA,NA,NA,NA,NA,NA,NA,4,4,1,1,4,NA,NA,NA,NA,NA,NA,NA,NA,NA,NA,NA,NA,NA,NA,NA,NA,NA,NA,NA,NA,NA,NA,NA,NA,NA,NA,0.510654246763135,-0.236478136354758,-0.158095173711287,-0.67787048169235,-0.0369736582765681,-0.0683719635569568,0.0674089551266297,-0.224766140799313,-0.918613742072224,-0.896319749320036,-0.436233059975285,-1.31588290792057,-1.08024319778394,-0.664632908564041,-0.848071072072971,-0.140716494990238,-0.81131556824706,-0.246182921192255,-1.01252242791818,0.0108587116143719,0.57134938441215,0.950094141306209,-0.731364736286546,0.657359739324127,-0.125861012280902,0.0742269505885485,-1.17511377100916,-0.666535767723981,0.179339559800134,-0.792198146511595,-0.708284230070961,-1.16509300639018,-0.556789976844684,-0.145665578348758,0.274813479588605,-0.550642832446698,1.03380824146044,0.261956268803422,-0.554584345690695,0.937318936531407,-0.533263154783246
"Bos taurus primigenius","Bos taurus primigenius","H","Bovines","Cattle","Bovinae",NA,NA,NA,NA,NA,1,NA,NA,NA,NA,NA,NA,1,4,4,NA,NA,2,NA,4,NA,NA,NA,NA,NA,1,1,1,NA,NA,NA,2,NA,1,2,1,NA,NA,1,1,1,4,1,4,4,NA,4,1,1,1,4,4,1,4,NA,1,4,1,4,NA,NA,4,1,4,4,NA,4,1,4,4,4,1,NA,4,4,4,1,NA,4,NA,4,4,4,4,1,1,4,4,1,1,NA,1,4,4,1,NA,4,NA,NA,4,4,4,1,NA,NA,NA,NA,NA,NA,NA,NA,NA,NA,0.660920688183841,-0.210231191647366,-0.270206728885086,-0.641583511779857,-0.698844533347064,0.243488482436137,-0.136338943835237,-0.241705700917173,-0.552970039961043,-0.6595423546404,-0.169070527210701,-0.220340342190735,-0.408877800855675,-0.761285124356354,-0.774877697864484,0.422082897153857,-0.466935305709144,0.130087504769819,-0.426919555766795,0.136939955447766,-0.643137003400419,-0.408664869855311,-0.0933340461891171,-1.22195680105556,-0.605709833862659,-0.142545689782441,-0.427381036479514,0.11301118373478,-0.434967428126013,0.0798813834899174,-0.168023031157386,-0.274881866938534,-0.0353516723668758,-0.17519169460085,-0.375312447669611,0.290584245969304,-0.951453966145272,-0.342168940219056,0.252229669751375,-0.00255445917306297,-0.0899045969495358
"Fagopyrum esculentum","Fagopyrum esculentum","A","Pseudocereals","Buckwheat","Polygonaceae",NA,NA,NA,NA,NA,NA,NA,NA,NA,NA,NA,NA,NA,NA,NA,NA,NA,NA,NA,NA,NA,NA,NA,NA,NA,NA,NA,NA,NA,NA,NA,NA,NA,NA,NA,NA,NA,NA,NA,NA,NA,NA,NA,NA,NA,NA,NA,NA,NA,NA,NA,NA,NA,NA,NA,NA,NA,NA,NA,NA,NA,NA,NA,NA,NA,NA,NA,NA,NA,NA,NA,NA,NA,NA,NA,NA,NA,NA,NA,NA,NA,NA,NA,NA,2,NA,NA,1,NA,NA,NA,NA,NA,NA,NA,NA,NA,NA,NA,NA,NA,NA,NA,NA,NA,NA,NA,NA,NA,NA,NA,NA,NA,0.0764206468687176,-0.110551959287319,0.0483218792754544,-0.420320297625652,-1.03322317350714,0.89035090317951,-0.136627444275778,0.0236693163635972,-0.305317916282067,-0.397797352831694,-0.000842275572099885,0.0789083581753476,-0.170772829758774,-0.490954374659813,-0.498767107234915,0.166645978182571,-0.402182662067151,-0.288262915442978,-0.200800486998627,0.0772349751116192,-0.630540095883471,0.086746995917719,0.0151211409991561,-0.871368895745028,-0.455789116104535,-0.139004312429879,-0.219372293375928,0.139186030110148,-0.337508475273847,-0.0126623203708895,-0.0321661524821679,-0.0660410660692474,0.0589230635519456,0.429416309300067,0.17784857375779,0.712594512199126,-0.745827213353297,0.211847916822076,0.677954975438598,0.662887419604935,0.220199236894869
"Fagopyrum tataricum","Fagopyrum tataricum","A","Pseudocereals","Buckwheat","Polygonaceae",NA,NA,NA,NA,NA,NA,NA,NA,NA,NA,NA,NA,NA,NA,NA,NA,NA,NA,NA,NA,NA,NA,NA,NA,NA,NA,NA,NA,NA,NA,NA,NA,NA,NA,NA,NA,NA,NA,NA,NA,NA,NA,NA,NA,NA,NA,NA,NA,NA,NA,NA,NA,NA,NA,NA,NA,NA,NA,NA,NA,NA,NA,NA,NA,NA,NA,NA,NA,NA,NA,NA,NA,NA,NA,NA,NA,NA,NA,NA,NA,NA,NA,NA,NA,2,NA,NA,1,NA,NA,NA,NA,NA,NA,NA,NA,NA,NA,NA,NA,NA,NA,NA,NA,NA,NA,NA,NA,NA,NA,NA,NA,NA,0.0946135891075243,0.0220384576005747,-0.444797119494284,-0.401750992144452,-0.496204925541627,0.0356965112059201,-0.353226368289309,-0.173346211371707,-0.819574031789568,-0.826157058265464,-0.0461769663875055,-1.15376355533911,-0.936179373026415,-0.354233362936116,-0.648738068810392,-0.419146381183869,-0.691149349155973,-0.0901938173760363,-0.770375994115276,-0.0959752279853321,1.06017327066324,2.58989970812321,-0.427364562700067,0.88026080773022,0.187316046580719,-0.343595540172345,-1.04188428521994,-0.337049237134749,-0.198332231478241,-0.62312503735382,-0.389430229280832,-1.00042941594348,-0.19843889592652,-0.0627523661723369,0.223416258277512,-0.54874017771566,0.963404834809288,0.25561241715469,-0.54327588757007,0.936740582213545,-0.524147488054092
"Triticum urartu","Triticum urartu","A","Cereals","Wheat","Poaceae",NA,NA,NA,NA,NA,NA,NA,NA,NA,NA,NA,NA,NA,NA,NA,NA,NA,2,NA,NA,NA,NA,NA,NA,NA,NA,NA,NA,NA,NA,NA,NA,NA,NA,NA,1,NA,NA,NA,NA,NA,NA,NA,NA,NA,NA,NA,NA,NA,NA,NA,4,NA,NA,NA,NA,NA,NA,NA,2,NA,NA,1,1,NA,NA,1,1,1,NA,1,NA,4,NA,NA,1,1,1,1,NA,NA,NA,NA,1,1,NA,NA,NA,NA,NA,NA,NA,NA,NA,NA,NA,NA,NA,NA,NA,NA,NA,NA,NA,NA,NA,NA,NA,NA,NA,NA,NA,NA,0.250891043637396,0.682596148744156,1.36942476553173,0.393775181111931,1.17755425619537,-0.944146585454474,-0.219271515487258,-0.398640813973315,0.327065103296832,0.26704269662361,0.319159189528119,0.398994690544701,0.285375052786051,-0.141571194913336,1.54770638671212,1.08345760942632,0.894162695113244,-1.54954776198417,0.232570845612349,-0.355162562014501,0.789160795955529,0.2842525057461,0.442581860811173,0.442616797388622,0.000586331262387982,-0.214817691757624,0.665591415770987,0.446935177536339,-0.199253412687999,-1.14376630178973,1.03551764306862,0.543979789286128,0.382717404946482,-0.477910553629391,-0.333602370360896,-0.63343714134881,0.864053396704902,-0.311033481664819,-0.666860354814775,-1.10626975680047,0.459742861986376
"Aegilops speltoides","Aegilops speltoides","A","Cereals","Wheat","Poaceae",NA,NA,NA,NA,NA,NA,NA,NA,NA,NA,NA,NA,NA,NA,NA,NA,NA,2,NA,NA,NA,NA,NA,NA,NA,NA,NA,NA,NA,NA,NA,NA,NA,NA,NA,1,NA,NA,NA,NA,NA,NA,NA,NA,NA,NA,NA,NA,NA,NA,NA,4,NA,NA,NA,NA,NA,NA,NA,2,NA,NA,1,1,NA,NA,1,1,1,NA,1,NA,4,NA,NA,1,1,1,1,NA,NA,NA,NA,1,1,NA,NA,NA,NA,NA,NA,NA,NA,NA,NA,NA,NA,NA,NA,NA,NA,NA,NA,NA,NA,NA,NA,NA,NA,NA,NA,NA,NA,0.658228445277809,0.602712580720427,1.07338019015092,0.151145548267605,0.805450526848127,-0.322847411191707,-0.412098223226468,-0.174730271056014,0.383826088963958,0.331551441501142,0.395398383927048,0.547363227562425,0.566175537339356,-0.122121150283342,0.940528898709905,0.484225817385371,0.158851613648539,-1.21912544677231,0.363825803056258,-0.33714242677139,0.403531324871722,0.0341286488977903,0.492035151595281,-0.296844996693516,0.00712929593929769,-0.402778242805281,0.387740535505039,0.580828788064647,-0.567068877640023,-0.622421468077555,0.898884449788795,0.48450326791872,0.482427356926069,-0.102427966546836,0.102858694236359,-0.336435620644071,0.575166102781172,0.0943665394329247,-0.351151219513694,-0.870654934551945,0.916818554215176
"Triticum dicoccoides","Triticum dicoccoides","A","Cereals","Wheat","Poaceae",NA,NA,NA,NA,NA,NA,NA,NA,NA,NA,NA,NA,NA,NA,NA,NA,NA,2,NA,NA,NA,NA,NA,NA,NA,NA,NA,NA,NA,NA,NA,NA,NA,NA,NA,1,NA,NA,NA,NA,NA,NA,NA,NA,NA,NA,NA,NA,NA,NA,NA,4,NA,NA,NA,NA,NA,NA,NA,2,NA,NA,1,1,NA,NA,1,1,1,NA,1,NA,4,NA,NA,1,1,1,1,NA,NA,NA,NA,1,1,NA,NA,NA,NA,NA,NA,NA,NA,NA,NA,NA,NA,NA,NA,NA,NA,NA,NA,NA,NA,NA,NA,NA,NA,NA,NA,NA,NA,-0.0384287293857609,0.500749774751082,1.7505671743216,0.402860799172949,1.23513600510705,-0.651566967486849,-0.508466689252983,-0.238875838264794,0.662490141706481,0.669713657695339,0.551234875884419,0.796156455028487,0.986413836576154,0.0312043243666877,1.3656626586823,0.537082567798194,0.311344310897936,-1.37103708242454,0.570997565571451,-0.295955881708788,0.369152402552914,1.48168027132483,0.686642979276949,-0.22114166903509,0.109728550553818,-0.485790998734836,0.600496930574777,0.748812312043316,-0.666112612919964,-0.566987615100274,1.10015583569969,0.708189048349693,0.646500394135463,-0.23965335125061,0.156745577318246,-0.639433386561776,1.30449530729384,0.123337355572169,-0.679071009153399,-1.10978676310268,1.08159002211197
"Aegilops tauschii","Aegilops tauschii","A","Cereals","Wheat","Poaceae",NA,NA,NA,NA,NA,NA,NA,NA,NA,NA,NA,NA,NA,NA,NA,NA,NA,2,NA,NA,NA,NA,NA,NA,NA,NA,NA,NA,NA,NA,NA,NA,NA,NA,NA,1,NA,NA,NA,NA,NA,NA,NA,NA,NA,NA,NA,NA,NA,NA,NA,4,NA,NA,NA,NA,NA,NA,NA,2,NA,NA,1,1,NA,NA,1,1,1,NA,1,NA,4,NA,NA,1,1,1,1,NA,NA,NA,NA,1,1,NA,NA,NA,NA,NA,NA,NA,NA,NA,NA,NA,NA,NA,NA,NA,NA,NA,NA,NA,NA,NA,NA,NA,NA,NA,NA,NA,NA,-0.110936713720307,0.161200254148313,0.638237747751258,0.0181609375387596,0.356323900697009,-0.65721274506689,0.0541264733382962,-0.37533614998148,-0.134444100252404,-0.32488791908332,0.0446233715455559,0.268525362507373,-0.0491529631772212,-0.412222031628644,0.481460873009375,0.990041450086853,0.509711072509513,-0.336900136310405,-0.0674863977935115,-0.298116728722264,0.92861693736308,1.36157344816939,0.167784139729193,0.0715109501964237,-0.335930494903687,0.0265110833723774,0.384783697741276,0.154894200605114,0.0304414377705165,-0.545314078476107,0.50310007003745,0.306994299101783,0.103553637001817,-0.389893227124681,-0.34675051976376,-0.213375855078303,-0.0863890961582654,-0.376511057226664,-0.230104056926161,-0.689083285944747,-0.127087809903424
"Hordeum vulgare subsp  spontaneum","Hordeum vulgare subsp  spontaneum","A","Cereals","Barley","Poaceae",NA,NA,NA,NA,NA,NA,NA,NA,NA,NA,NA,NA,2,NA,NA,NA,NA,NA,NA,NA,NA,NA,NA,NA,NA,NA,NA,NA,NA,NA,NA,NA,NA,1,NA,NA,NA,NA,NA,NA,NA,NA,NA,NA,NA,NA,NA,NA,NA,NA,NA,4,NA,NA,NA,1,NA,NA,NA,NA,NA,1,2,NA,1,NA,NA,NA,NA,NA,NA,NA,NA,NA,NA,NA,1,NA,NA,NA,NA,NA,NA,2,1,NA,1,NA,NA,NA,NA,NA,NA,NA,NA,NA,NA,NA,NA,NA,NA,NA,NA,NA,NA,NA,NA,NA,NA,NA,NA,NA,NA,0.0645301326537317,0.735748048455851,1.47063658617474,0.403906805830324,1.27017289974885,-0.737170018008274,-0.54311422971539,-0.256709891566839,0.690081427765661,0.715047372299429,0.587338035053509,0.836051009148866,0.977864724577258,0.0871649208617313,1.30418738089624,0.388307051514017,0.269172489590904,-1.30156571636442,0.610568244275826,-0.355633784938707,0.58052917570325,0.642689445865854,0.706915262283297,-0.219577451011187,0.162542495217744,-0.520691077938211,0.575618256536704,0.765103244689727,-0.705101108530975,-0.480847694820282,1.10202644672726,0.721043645128565,0.671748329270344,-0.307010889765218,0.0617500301699864,-0.638700512146859,1.29249806341962,0.0367993334263019,-0.676410746208169,-1.10799595371639,0.936640186495267
"Secale vavilovii","Secale vavilovii","A","Cereals","Rye","Poaceae",NA,NA,NA,NA,NA,NA,NA,NA,NA,NA,NA,NA,NA,NA,NA,NA,NA,NA,NA,NA,NA,NA,NA,NA,NA,NA,NA,NA,NA,NA,NA,NA,NA,NA,NA,NA,NA,NA,NA,NA,NA,NA,NA,NA,NA,NA,NA,NA,NA,NA,NA,NA,NA,NA,NA,NA,NA,NA,NA,NA,NA,NA,NA,NA,NA,NA,NA,NA,NA,NA,NA,NA,4,1,NA,NA,NA,NA,NA,NA,NA,NA,NA,NA,NA,NA,NA,NA,NA,NA,NA,NA,NA,NA,NA,NA,NA,NA,NA,NA,NA,NA,NA,NA,NA,NA,NA,NA,NA,NA,NA,NA,NA,0.524350791676781,0.204229051338903,0.441956445457571,-0.187093983646633,0.198614075506877,-0.579253571494774,0.0776475214476767,-0.379825090653728,-0.452968062781029,-0.575343979994209,-0.128722728144834,-0.194178048614019,-0.309698821764,-0.539326695849442,-0.292253165644591,0.788330454097406,0.189332322357727,-0.412213278913809,-0.350037427486238,-0.260137514205273,0.789160795955529,1.21844903906827,-0.0629136988110813,0.0636586645612622,-0.351341641146713,0.0427551926391734,0.0270505618023017,-0.0349836346056644,0.0666970212820633,-0.802982928704408,0.00357747277102102,-0.0918446877514655,-0.072061063202476,-0.386344375487082,-0.382577020821227,-0.0727882139364564,-0.462725627732003,-0.420038292185077,-0.115460398894293,-0.589053985224768,-0.140597012614588
"Sorghum verticilliflorum","Sorghum verticilliflorum","A","Cereals","Sorghum","Poaceae",1,NA,NA,NA,NA,1,NA,NA,NA,NA,NA,NA,NA,NA,NA,NA,1,1,NA,1,1,1,1,NA,NA,NA,2,1,NA,NA,NA,NA,1,NA,2,NA,NA,NA,1,NA,1,NA,NA,1,NA,NA,NA,1,2,NA,1,4,NA,NA,NA,NA,NA,NA,NA,NA,NA,NA,NA,NA,NA,NA,NA,2,NA,1,2,NA,NA,NA,1,NA,NA,NA,NA,NA,NA,NA,NA,NA,NA,NA,NA,2,NA,NA,NA,NA,NA,NA,NA,NA,NA,NA,NA,NA,NA,NA,1,NA,NA,NA,1,1,NA,NA,NA,NA,NA,0.443893479833311,0.493657755237741,0.898789799541718,0.928277107250122,-0.0768786957830105,-0.295674386011965,-1.26815793049985,0.446435417818191,0.974308334273927,0.996655689382819,1.06325704766818,0.471935647290844,1.11847847715612,1.2860361434486,0.621945518329314,-1.35422019267214,0.281332221166212,0.609623940218461,1.02128694679591,-0.326638849383713,0.0664608634016336,0.232706653418457,0.916074927328874,0.0822556840426048,1.49541400591145,-1.26285252804531,0.373738182831917,1.09185518585932,-1.29527842853311,0.758685021230147,0.830218279920464,0.495395194695215,1.06483462670947,0.340680338062193,0.512480063239902,0.10993070269199,0.26689817655604,0.42177225391096,0.192324489355076,0.394074127848083,-0.155379226013276
"Zea mays subsp  parviglumis","Zea mays subsp  parviglumis","A","Cereals","Maize","Poaceae",2,NA,NA,NA,NA,1,NA,NA,NA,NA,NA,NA,NA,NA,NA,NA,1,1,NA,NA,NA,NA,NA,4,4,1,NA,NA,NA,NA,NA,NA,NA,NA,1,NA,NA,NA,1,2,2,NA,1,2,1,NA,1,1,1,1,NA,NA,NA,NA,1,NA,1,NA,1,NA,NA,NA,NA,NA,NA,NA,NA,2,NA,NA,NA,NA,NA,NA,NA,NA,NA,NA,NA,NA,NA,NA,NA,NA,NA,NA,NA,NA,NA,NA,NA,NA,4,NA,2,NA,NA,NA,NA,NA,NA,NA,NA,NA,NA,NA,NA,1,NA,NA,NA,NA,NA,-0.0367254047058923,0.487972035196466,-0.160006166129022,1.17829354696291,0.918003445121189,-0.193818640546807,-1.22174617971409,0.267462884684156,1.0095101143757,1.03088003346311,1.18884557069552,0.384990768779072,1.11847847715612,1.38881542290318,1.26765154575585,-0.789043317741427,0.841958972086555,0.72478881633059,1.08144126190175,-0.211799217435886,-0.0462644058792902,1.448682205665,0.941804157308006,1.15121992139978,1.33325223651944,-1.23591123656823,0.749302091907018,1.0034751672056,-0.9284287797024,0.713144900802829,0.942757810687603,0.597357847222967,1.08604612787723,0.604297154787035,1.17497383385084,-0.510975364114766,1.24921057800695,1.30143464500841,-0.490822661496773,0.373841005134438,-0.403611810183413
"Oryza rufipogon","Oryza rufipogon","A","Cereals","Rice","Poaceae",NA,NA,NA,NA,NA,NA,NA,NA,1,NA,1,NA,1,1,NA,NA,NA,NA,NA,NA,NA,NA,NA,4,NA,NA,NA,NA,NA,NA,NA,NA,NA,NA,NA,NA,NA,1,2,NA,NA,NA,NA,NA,NA,NA,NA,NA,NA,NA,NA,NA,NA,NA,NA,NA,NA,NA,NA,NA,NA,NA,NA,NA,NA,NA,NA,NA,NA,NA,NA,NA,NA,NA,NA,2,NA,NA,NA,NA,NA,NA,1,NA,NA,NA,NA,NA,1,1,NA,1,4,1,1,1,1,1,NA,NA,1,1,1,1,1,1,2,2,NA,NA,NA,NA,NA,0.046168747351989,0.0171423485446817,0.827963244366424,1.02913748049552,0.238359363016173,0.416544730981317,-1.20460740090788,1.20174840454828,1.37172007325485,1.38303262989854,1.21560103135287,1.14673198962709,1.11285975387711,1.35086488665751,0.76917726759408,-1.16046358305462,0.492026547435276,0.644322007085472,1.34236835143908,-0.180027657874927,-0.271851874009002,-0.386575043613735,1.20699621674536,-0.3118704122001,1.17085629720951,-1.20006703298014,0.808145935903624,1.27694072781033,-1.27528702105207,1.21684450255675,1.02333230477591,1.01237372090387,1.24296554745213,1.29863902566995,1.78979554328871,-0.0107026277721591,0.760573665185255,1.85203628671747,0.0365191269517529,1.19203721663992,0.415458609142712
"Eleusine africana","Eleusine africana","A","Cereals","Millet (Finger millet)","Poaceae",NA,NA,NA,NA,NA,2,NA,NA,NA,NA,NA,NA,NA,NA,NA,NA,NA,NA,NA,NA,NA,NA,NA,NA,NA,NA,NA,NA,NA,NA,NA,NA,NA,NA,NA,NA,NA,NA,NA,NA,NA,NA,NA,NA,NA,1,NA,NA,1,1,NA,NA,NA,NA,NA,NA,NA,NA,NA,NA,NA,NA,NA,NA,NA,NA,NA,NA,NA,NA,NA,NA,NA,NA,NA,NA,NA,NA,NA,NA,1,NA,NA,NA,NA,NA,NA,NA,NA,NA,1,NA,NA,NA,NA,NA,NA,NA,NA,1,NA,NA,NA,NA,NA,NA,NA,NA,NA,NA,NA,NA,NA,0.0971887496823068,0.349102175047571,0.670170157618676,0.91444587588359,0.317226562948336,-0.0740032261735096,-1.1977592735845,0.467245080083223,0.86169733208672,0.887171519123842,1.00203281710445,0.319422737730726,1.10564355045014,1.15395142487283,0.652850761170288,-1.02186403177307,0.409627530704124,0.692895915844325,0.914040805674568,-0.283322721538495,-0.133334594110549,0.287407033753493,0.833896416945656,0.396826023005316,1.32614675451737,-1.18832453990076,0.352630563934878,0.96909316408341,-1.13614251518515,0.66001977684102,0.770486790507941,0.408259780483253,0.979271730974632,0.585320146078079,0.940434749874067,-0.147653099021874,0.635298392491643,0.906217005988282,-0.109922019867602,0.640809285487569,-0.121846157603626
"Pennisetum glaucum","Pennisetum glaucum","A","Cereals","Millet (Pearl millet)","Poaceae",NA,NA,NA,NA,NA,2,NA,NA,NA,NA,NA,NA,NA,NA,NA,NA,NA,NA,NA,NA,NA,NA,NA,NA,NA,NA,2,NA,NA,NA,NA,NA,NA,NA,1,NA,NA,NA,1,1,1,1,NA,NA,NA,1,NA,2,1,1,NA,NA,NA,1,NA,NA,NA,1,NA,1,1,NA,1,NA,NA,NA,NA,NA,NA,NA,NA,NA,NA,NA,NA,NA,NA,NA,NA,NA,1,NA,NA,NA,NA,NA,NA,NA,NA,NA,1,NA,NA,NA,NA,NA,NA,NA,NA,1,NA,NA,NA,NA,NA,NA,NA,NA,NA,NA,NA,NA,NA,-0.423797361044136,0.632517093234543,-0.00300752238753117,1.32560946384948,0.873931447548494,-0.321586083715649,-1.16304176368594,0.330269287531572,1.38632613614255,1.39723313113688,1.25132855221459,1.14343451575989,1.11847847715612,1.70515033322812,1.22778369196121,-1.24290306515004,0.790630329691891,0.429073747939728,1.36171108554912,-0.349640418371473,-0.177721584941634,-0.209301486127253,1.21810654652101,0.453564476781413,1.10448192066714,-1.18367284274976,1.08745810194189,1.22490523311054,-1.02172734646371,0.972570081214631,1.09301744524054,1.11270119582352,1.27467685273327,0.480983352957667,1.10048422767418,-0.582269182198164,1.32012807961479,0.984557778924407,-0.595803040233737,-0.279592981597289,1.39009257620943
"Panicum miliaceum","Panicum miliaceum","A","Cereals","Millet (Proso/ Common millet)","Poaceae",NA,NA,NA,NA,NA,NA,NA,NA,NA,NA,NA,NA,NA,NA,NA,NA,NA,NA,NA,NA,NA,NA,NA,NA,NA,NA,NA,NA,NA,NA,NA,NA,NA,NA,NA,NA,NA,NA,NA,NA,NA,NA,NA,NA,NA,NA,NA,NA,NA,NA,NA,NA,NA,NA,NA,NA,NA,NA,NA,NA,NA,NA,NA,NA,NA,NA,NA,NA,NA,NA,NA,NA,NA,NA,NA,NA,NA,NA,NA,NA,NA,NA,NA,NA,NA,NA,2,NA,NA,NA,NA,NA,NA,NA,NA,NA,NA,NA,NA,NA,NA,NA,NA,NA,NA,NA,NA,NA,NA,NA,NA,NA,NA,0.0746808033959778,0.137771122385524,-0.125649845923217,-0.422339768852226,-0.0514197458299018,-0.380277402905507,0.857338274559493,-0.424520485368374,-0.678659426922481,-0.703966163473124,-0.585329497697685,0.0426507279429884,-0.413621143333972,-0.770654357611835,-0.924936346768271,1.00204930723733,0.0152492092149447,0.540306796321173,-0.374836324008129,-0.321888525353633,0.436645925249265,0.195934560025007,-0.385085157606126,0.1732956461057,-0.689227358190014,0.859722117059244,-0.0178995264296868,-0.629903960704013,0.874909844830395,0.298122454993536,-0.75239960320483,-0.01276843833223,-0.599402998438486,-0.379809354676785,-0.155607907039308,-0.361976692305279,0.467330203975973,-0.228328668293968,-0.397486825624153,0.165016234633761,-0.450073873391072
"Setaria viridis","Setaria viridis","A","Cereals","Millet (Foxtail millet)","Poaceae",NA,NA,NA,NA,NA,NA,NA,NA,NA,1,NA,1,NA,NA,NA,NA,NA,NA,NA,NA,NA,NA,NA,NA,NA,NA,NA,NA,NA,NA,NA,NA,NA,NA,NA,NA,NA,NA,NA,NA,NA,NA,NA,NA,NA,NA,NA,NA,NA,NA,NA,NA,NA,NA,NA,NA,NA,NA,NA,NA,NA,NA,NA,NA,NA,NA,NA,NA,NA,NA,NA,NA,NA,NA,NA,NA,NA,NA,NA,NA,1,NA,NA,NA,NA,NA,NA,NA,NA,NA,NA,NA,NA,NA,NA,NA,NA,NA,NA,NA,NA,NA,NA,NA,NA,NA,NA,NA,NA,NA,NA,NA,NA,-0.0131045511244833,-0.186462719630396,0.0904127847255086,-0.454865114488638,-0.875723315336059,0.665974936260075,-0.0355075764781057,-0.069059485944371,-0.313490639831762,-0.423624228165831,-0.0523742145080135,0.157218372379163,-0.18516106228524,-0.562628301031337,-0.412251645462252,0.289274601146648,-0.399320315131746,-0.447004587524152,-0.212718486880415,0.0627794963492233,-0.252849214141163,0.185821864466717,0.00112192604576795,-0.914669758357062,-0.557283895825479,-0.0410404076678446,-0.146862715851232,0.108991920395207,-0.248202453441794,-0.0741337704171069,-0.01256184743461,-0.00873750486931867,0.0202678483018941,0.295530333635572,0.0743603318514128,0.507536755460062,-0.667629315421343,0.0864147265240989,0.486236887060619,0.435979082179068,0.180661327045438
"Digitaria longiflora","Digitaria longiflora","A","Cereals","Millet (White Fonio millet)","Poaceae",NA,NA,NA,NA,NA,NA,NA,NA,NA,NA,NA,NA,NA,NA,NA,NA,NA,NA,NA,NA,NA,NA,NA,NA,NA,NA,2,NA,NA,NA,NA,NA,NA,NA,NA,NA,NA,NA,NA,1,NA,1,NA,NA,NA,NA,NA,NA,NA,NA,NA,NA,NA,NA,NA,NA,NA,NA,NA,NA,NA,NA,NA,NA,NA,NA,NA,NA,NA,NA,NA,NA,NA,NA,NA,NA,NA,NA,NA,NA,NA,NA,NA,NA,NA,NA,NA,NA,NA,NA,NA,NA,NA,NA,NA,NA,NA,NA,NA,NA,NA,NA,NA,NA,NA,NA,NA,NA,NA,NA,NA,NA,NA,0.268354430749147,0.318757464276149,0.373304556558073,1.12385358184024,0.478923246788524,0.0864509893163738,-1.28237818970971,0.926778213253253,1.36599240603117,1.37746400088961,1.22732554853295,1.07450067706764,1.11847847715612,1.58544647149312,1.13499604081033,-1.43120746211269,0.465010305549621,0.334072683019894,1.35453430361959,-0.283512213845213,-0.320126798873574,-0.245624680733267,1.20267297014363,-0.0760566793023735,1.37510289152905,-1.28310567361116,0.878200113663074,1.327447186527,-1.30113646514468,0.982919358310654,1.12160206423786,0.988975153908784,1.29121180897213,0.949557309835235,1.46216114364182,-0.417620670498255,0.871172148259166,1.36781889081415,-0.317352650306987,0.154334739905889,1.86925479827443
"Eragrostis pilosa","Eragrostis pilosa","A","Cereals","Teff","Poaceae",NA,NA,NA,NA,NA,NA,NA,NA,NA,NA,NA,NA,NA,NA,NA,NA,NA,NA,NA,NA,NA,NA,NA,NA,NA,NA,NA,NA,NA,NA,NA,NA,NA,NA,NA,NA,NA,NA,NA,NA,NA,NA,NA,NA,NA,NA,NA,NA,NA,NA,NA,4,NA,NA,NA,1,NA,NA,NA,NA,NA,NA,NA,NA,NA,NA,NA,NA,NA,NA,NA,NA,NA,NA,NA,NA,NA,NA,NA,NA,NA,NA,NA,NA,NA,NA,NA,NA,NA,NA,NA,NA,NA,NA,NA,NA,NA,NA,NA,NA,NA,NA,NA,NA,NA,NA,NA,NA,NA,NA,NA,NA,NA,-0.0361623150918699,0.224357194462992,0.331956511826728,0.393286314318696,-0.28315722591875,0.120099323625865,-0.605310956952581,0.168824282863854,0.439396117653798,0.404010466031051,0.567092321679062,0.433265121188753,0.553392577386547,0.341736457870887,0.318612188136263,-0.113896767486869,0.261294551216486,0.221871768408624,0.485493308018458,-0.187931877112661,-0.107928886830658,0.137594179116295,0.541334595129182,0.0184273756102798,0.423650546873489,-0.606788014751081,0.329881246241163,0.603985096861528,-0.637012035678708,0.378626668588465,0.515134441673964,0.408130875790312,0.581672029110541,0.394301324525767,0.374331986450729,0.354668526501268,-0.0989002764270059,0.380405416572175,0.359299475149178,0.514671949699626,0.214997655054746
"Manihot esculenta subsp  flabellifolia","Manihot esculenta subsp  flabellifolia","A","Roots/Tubers","Cassava (Manioc)","Euphorbiaceae",NA,NA,NA,NA,NA,NA,NA,2,NA,NA,NA,NA,NA,NA,NA,1,NA,NA,NA,NA,NA,NA,NA,1,NA,NA,NA,NA,2,NA,1,2,NA,NA,NA,NA,NA,NA,NA,NA,NA,NA,NA,NA,NA,NA,NA,NA,NA,NA,NA,NA,NA,NA,NA,NA,NA,NA,NA,NA,NA,NA,NA,NA,NA,NA,NA,NA,NA,NA,NA,NA,NA,NA,NA,NA,NA,NA,NA,1,NA,NA,NA,NA,NA,NA,NA,NA,NA,NA,NA,NA,NA,NA,NA,NA,NA,NA,NA,NA,NA,NA,NA,NA,NA,NA,NA,NA,NA,1,NA,NA,NA,0.0587604566110211,0.161116324231815,0.760952406392637,0.920192853371046,-0.437040934696846,0.854184572831766,-1.36974992845728,1.87467346650212,1.17277679600274,1.1890710755654,1.17941360334704,0.703209524534339,1.10853679531911,1.30524793089537,0.810755352306945,-1.41641686214743,0.208769499593176,0.539413895803591,1.1943740663597,-0.145998221681962,-0.659502127730883,0.00496750461085471,1.06115996691917,-0.24594876679994,1.6292801009118,-1.35709874008559,0.513197143205058,1.25130162078127,-1.42963028449912,0.901801472764634,1.00157544782872,0.666921710313424,1.20377973348725,1.90394775710209,1.69051092903222,0.962477182592866,-0.100531817844788,1.76527823506531,1.05180173800932,1.12134574902873,1.22780783564033
"Solanum candolleanum","Solanum candolleanum","A","Roots/Tubers","White Potato","Solanaceae",NA,NA,NA,NA,NA,NA,NA,NA,NA,NA,NA,NA,NA,NA,NA,NA,NA,NA,NA,NA,NA,NA,NA,NA,NA,NA,NA,NA,NA,NA,NA,NA,NA,1,NA,2,NA,NA,NA,NA,NA,NA,NA,NA,NA,NA,NA,NA,NA,NA,NA,NA,NA,NA,NA,2,NA,NA,NA,NA,NA,NA,NA,NA,NA,NA,NA,NA,NA,NA,NA,1,1,NA,NA,NA,NA,NA,NA,NA,NA,NA,NA,NA,NA,NA,NA,NA,NA,NA,NA,NA,NA,NA,NA,NA,NA,NA,NA,NA,NA,NA,NA,NA,NA,NA,NA,NA,NA,NA,NA,NA,NA,0.302066086058586,-0.0232377356874119,0.185246464008474,0.268706726246731,-0.0127125074207243,-0.0426850609533369,-1.36599332330664,0.326680618007953,-0.164752232736877,-0.183714905791494,0.655938973808776,-1.26198021639205,-0.308626616584631,0.749763338939609,0.169972401359897,-1.58834688407879,-0.538565398793549,-0.0850862823964055,0.0626878824342052,-0.185744389023402,0.0399138993976408,2.56611420866704,0.0821558473683614,0.922118326718377,1.73674827520329,-1.34866339360693,-0.910835239352574,0.411082545843466,-1.16657276685308,-0.582127865472014,0.274875991504264,-0.935823608829561,0.50849151865034,0.335251828808769,0.555728748561328,-0.199114515112329,0.532885977250857,0.575154465910797,-0.166085752557898,0.798955251711317,-0.330048922734915
"Ipomoea trifida","Ipomoea trifida","A","Roots/Tubers","Sweet Potato","Convolvulaceae",NA,NA,NA,NA,NA,NA,NA,NA,4,NA,NA,NA,NA,NA,NA,NA,NA,NA,NA,NA,NA,NA,NA,NA,NA,NA,NA,NA,NA,NA,NA,NA,NA,NA,NA,NA,NA,NA,NA,NA,NA,NA,NA,NA,NA,NA,NA,NA,NA,NA,NA,NA,NA,NA,NA,NA,NA,NA,NA,NA,NA,NA,NA,NA,NA,NA,NA,NA,NA,NA,NA,NA,NA,NA,NA,NA,NA,NA,NA,NA,NA,NA,NA,NA,NA,NA,NA,NA,NA,NA,NA,NA,NA,NA,NA,NA,NA,NA,NA,NA,NA,NA,NA,NA,NA,NA,NA,NA,NA,NA,1,NA,2,0.0186451030425765,0.0246482289404393,0.891045389445325,0.98624310078743,0.356118191506493,0.353086945320362,-1.30971560376125,1.14953881947662,1.20647290548599,1.22237382481356,1.19468124336537,0.785499805168085,1.11406556977182,1.32496333259951,0.989858399459626,-1.20452183302599,0.403882501366694,0.577365921964224,1.22892737324526,-0.105948641321234,-0.00883405392986317,0.441005150978765,1.0858729399289,-0.0297467089270097,1.5321812719175,-1.29955897924361,0.6334934949863,1.24278365078357,-1.33997700645705,0.959188035474618,1.02209470443254,0.759921342049704,1.20396597908743,1.21589568914747,1.59312824624169,-0.0563288576945724,0.618334538246614,1.52161356090131,-0.0176665776748053,0.770085931576907,0.602879480094353
"Colocasia formosana","Colocasia formosana","A","Roots/Tubers","Taro or Okuma","Araceae",NA,1,2,NA,1,NA,1,1,NA,NA,NA,NA,NA,NA,NA,NA,NA,NA,NA,NA,NA,NA,NA,NA,NA,NA,NA,NA,NA,NA,NA,2,NA,NA,NA,NA,NA,NA,NA,NA,NA,NA,NA,NA,NA,NA,NA,NA,NA,NA,NA,NA,NA,NA,NA,NA,NA,NA,NA,NA,NA,NA,NA,NA,NA,NA,NA,NA,NA,NA,NA,NA,NA,NA,NA,NA,NA,NA,NA,NA,NA,NA,NA,NA,NA,NA,NA,NA,NA,NA,NA,NA,NA,NA,NA,NA,NA,NA,NA,NA,NA,NA,NA,NA,NA,NA,NA,NA,1,1,NA,2,1,0.0864431419551323,0.0198848341773468,0.608564232681958,0.617473619457175,-0.746747108963009,0.857419119414744,-0.985228300236144,1.44124582251138,0.896931317093364,0.910560520862752,0.893232383664216,0.754254262369781,1.0229825370758,0.77362612278592,0.495099074579218,-0.749282165926744,0.173689966045882,0.318580744612892,0.901681923038738,-0.132373683457165,-0.363528352538791,0.357170896968408,0.859528955129688,-0.370308709165242,0.886426720329745,-0.972382518154851,0.417968426061604,0.978217420499564,-1.10679958823098,0.748562581563145,0.785238842304219,0.631237071210275,0.926771169944329,1.67537471173181,1.57650859237192,1.16559547413826,-0.121516962062308,1.6373349620459,1.21860467103369,1.79981063614446,1.0327498285544
"Dioscorea polystachya","Dioscorea polystachya","A","Roots/Tubers","Yam (Chinese Yam)","Dioscoreaceae",NA,NA,1,NA,NA,NA,NA,NA,NA,NA,NA,NA,NA,NA,NA,NA,NA,NA,NA,NA,NA,NA,NA,NA,NA,NA,NA,NA,NA,NA,NA,NA,NA,NA,NA,NA,NA,NA,NA,NA,NA,NA,NA,NA,NA,NA,NA,NA,NA,NA,NA,NA,NA,NA,NA,NA,NA,NA,NA,NA,NA,NA,NA,NA,NA,NA,NA,NA,NA,NA,NA,NA,NA,NA,NA,NA,NA,NA,NA,NA,NA,NA,NA,NA,NA,NA,NA,NA,NA,NA,NA,NA,NA,NA,NA,NA,NA,NA,NA,NA,NA,NA,NA,NA,NA,NA,NA,NA,NA,NA,NA,NA,NA,0.0595916795928104,-0.109322491498153,0.319968752998837,-0.0119234688544115,-1.54542142030503,1.10964218996767,-0.0907872561691473,0.326049582284473,0.192503899523187,0.0614744779330598,0.252140689794775,0.801980938969536,0.227367851569407,-0.172022397756154,-0.287262184438731,0.111786375036948,-0.121904536299769,-0.0570502639445095,0.182296906273936,-0.0744342273206794,-0.561699140660801,0.0703669421691452,0.366152981612861,-0.528980902826736,-0.353737491613066,-0.122629068927005,0.351466826063809,0.337681557677241,-0.248305970592074,0.315779293301199,0.203364238165832,0.514921337935991,0.297377005022594,1.15181916579668,0.82971019874579,1.28334578219102,-0.692385248867509,0.823380316805252,1.26322120122358,1.5786764235247,0.523655746556479
"Dioscorea alata","Dioscorea alata","A","Roots/Tubers","Yam (Greater Yam)","Dioscoreaceae",NA,NA,NA,NA,NA,NA,NA,NA,NA,NA,NA,NA,NA,NA,NA,NA,NA,NA,NA,NA,NA,NA,NA,NA,NA,NA,NA,NA,NA,NA,NA,NA,NA,NA,NA,NA,1,NA,NA,NA,NA,NA,NA,NA,NA,NA,NA,NA,NA,NA,NA,NA,NA,NA,NA,NA,NA,NA,NA,NA,NA,NA,NA,NA,NA,NA,NA,NA,NA,NA,NA,NA,NA,NA,NA,NA,NA,NA,NA,NA,NA,NA,NA,NA,NA,NA,NA,NA,NA,NA,NA,NA,NA,NA,NA,NA,NA,NA,NA,NA,NA,NA,NA,NA,NA,NA,NA,NA,NA,2,NA,1,NA,-0.11022959018488,0.131411822942758,0.855481794182366,0.534981947185191,-0.329189817733523,0.784959263027403,-0.937589255709778,1.01266628610377,0.898368018026334,0.911850709801325,0.893169832679711,0.802159251468839,0.966891237533897,0.829806673836186,0.332712162280935,-0.967586966353063,-0.0128258605778998,0.200544641321818,0.892682841739621,-0.264757978983136,-0.176562032357495,1.01127889993105,0.860549939410891,-0.547494429476547,0.559263195124085,-0.933451955366294,0.428250985789301,0.927477565155598,-1.0287545616366,0.824094745945624,0.703415716632663,0.644228596935157,0.907031378925251,1.37545588127245,1.5518443439664,0.508942249277274,0.25761892299676,1.56422742274783,0.523315680072206,1.89928510906407,0.171461350552274
"Dioscorea praehensilis","Dioscorea praehensilis","A","Roots/Tubers","Yam (White Yam) (wild)","Dioscoreaceae",NA,NA,NA,NA,NA,NA,NA,NA,NA,NA,NA,NA,NA,NA,NA,NA,NA,NA,1,NA,NA,NA,NA,NA,NA,NA,1,NA,NA,NA,NA,1,NA,NA,2,NA,1,NA,NA,NA,NA,NA,NA,NA,NA,NA,NA,NA,NA,NA,NA,NA,NA,NA,NA,NA,NA,NA,NA,NA,NA,NA,NA,NA,NA,NA,NA,NA,NA,NA,NA,NA,NA,NA,NA,NA,NA,NA,NA,NA,NA,NA,NA,NA,NA,NA,NA,NA,NA,NA,NA,NA,NA,NA,NA,NA,NA,NA,NA,NA,NA,NA,NA,NA,NA,NA,NA,NA,NA,NA,NA,NA,NA,0.189756921588624,0.294914395537699,0.660219079454615,0.947833358191537,0.100423711638032,0.289296683840829,-1.34548132209547,1.07545438899746,1.1358403859317,1.15370253473973,1.13671948387064,0.653949723030293,1.11847847715612,1.40023991776193,0.888265779083202,-1.51931578024841,0.290054166023693,0.417912469578585,1.1626550165246,-0.270852276021692,-0.502686196646584,0.100663943604037,1.0340416500193,-0.19194472911107,1.564306590998,-1.33956333036629,0.527044946120053,1.23685788582565,-1.40036312423255,0.803598586457824,0.990448685282606,0.652001837108824,1.18377895407962,1.04252695564673,1.19584764483982,-0.109744664024535,0.264347300425291,1.12909897231212,0.0494833554269253,0.379686783100507,1.13231976773289
"Dioscorea abyssinica","Dioscorea abyssinica","A","Roots/Tubers","Yam (White Yam) (wild)","Dioscoreaceae",NA,NA,NA,NA,NA,NA,NA,NA,NA,NA,NA,NA,NA,NA,NA,NA,NA,NA,1,NA,NA,NA,NA,NA,NA,NA,1,NA,NA,NA,NA,1,NA,NA,2,NA,1,NA,NA,NA,NA,NA,NA,NA,NA,NA,NA,NA,NA,NA,NA,NA,NA,NA,NA,NA,NA,NA,NA,NA,NA,NA,NA,NA,NA,NA,NA,NA,NA,NA,NA,NA,NA,NA,NA,NA,NA,NA,NA,NA,NA,NA,NA,NA,NA,NA,NA,NA,NA,NA,NA,NA,NA,NA,NA,NA,NA,NA,NA,NA,NA,NA,NA,NA,NA,NA,NA,NA,NA,NA,NA,NA,NA,-0.0719421897716277,0.439301632798203,0.768226550912231,1.28367738279452,0.404092983872622,-0.218998129596921,-1.24193576571705,0.421722551330062,1.25716647070998,1.2716597988145,1.22945036734192,0.825367737706249,1.11847847715612,1.74309106209382,1.16679448990954,-1.38396899628188,0.724250789624943,0.49960600997752,1.26585693748988,-0.285361561937897,-0.316795423001803,-0.062235607977762,1.12288115060626,0.588752527360174,1.39359743217791,-1.25331113648709,0.89514886709719,1.19419811800322,-1.10267208123642,0.838047635592811,1.04374260174303,0.893023134882471,1.23165614233054,0.617188042944353,1.03411677426565,-0.342619248519942,0.744831670979638,0.991397446964798,-0.28617364505121,-0.279592981597289,1.21233707499093
"Dioscorea trifida","Dioscorea trifida","A","Roots/Tubers","Yam (Cush-Cush Yam)","Dioscoreaceae",NA,NA,NA,NA,NA,NA,NA,NA,NA,NA,NA,NA,NA,NA,NA,NA,NA,NA,NA,NA,NA,NA,NA,NA,NA,NA,NA,NA,2,NA,NA,NA,NA,NA,NA,NA,NA,NA,NA,NA,NA,NA,NA,NA,NA,NA,NA,NA,NA,NA,NA,NA,NA,NA,NA,NA,NA,NA,NA,NA,NA,NA,NA,NA,NA,NA,NA,NA,NA,NA,NA,NA,NA,NA,NA,NA,NA,NA,NA,NA,NA,NA,NA,NA,NA,NA,NA,NA,NA,NA,NA,NA,NA,NA,NA,NA,NA,NA,NA,NA,NA,NA,NA,NA,NA,NA,NA,NA,NA,NA,NA,NA,NA,-0.00063014029657328,0.0130298565426682,0.778460190555024,0.887730444511964,-1.01131315176381,1.33640337369834,-1.43991761316531,3.57683715194985,1.2697908231907,1.28259482580122,1.21621444962693,0.840815502619826,1.11174410203261,1.3902668927259,0.869693065809611,-1.66463677157199,0.102588134102616,0.394548032902877,1.28352823090706,-0.138954685530536,-0.93974625978397,-0.193233445514258,1.1323015099529,-0.592558805879449,1.90951647008622,-1.42615648591489,0.520908209462236,1.37763920783899,-1.60244720604566,0.973890359362683,1.07503606422435,0.743462188735691,1.28087136612388,3.04155439907343,2.31170895797561,2.70776692735032,-0.497495723869864,2.42002698437015,2.80669129803099,1.74123143835925,2.76759099121609
"Dioscorea esculenta","Dioscorea esculenta","A","Roots/Tubers","Yam (Lesser Yam)","Dioscoreaceae",NA,NA,NA,NA,NA,NA,NA,NA,NA,NA,NA,NA,NA,NA,NA,NA,NA,NA,NA,NA,NA,NA,NA,NA,NA,NA,NA,NA,2,NA,NA,NA,NA,NA,NA,NA,NA,NA,NA,NA,NA,NA,NA,NA,NA,NA,NA,NA,NA,NA,NA,NA,NA,NA,NA,NA,NA,NA,NA,NA,NA,NA,NA,NA,NA,NA,NA,NA,NA,NA,NA,NA,NA,NA,NA,NA,NA,NA,NA,NA,NA,NA,NA,NA,NA,NA,NA,NA,NA,NA,NA,NA,NA,NA,NA,NA,NA,NA,NA,NA,NA,NA,NA,NA,NA,NA,NA,NA,NA,2,NA,1,NA,-0.124238648691414,0.127046860011629,0.506043930307416,0.752728966785812,0.00676583996738834,0.822797157921805,-1.1474217321666,1.3048832891147,1.22357835659242,1.23900431459625,1.10033044901316,1.03672352976395,1.11847847715612,1.03827520670046,0.661361076581604,-1.07853421037711,0.228100205774312,0.434044494047771,1.22054762250751,-0.269818072104703,-0.34822623013981,0.201933587455643,1.09781531904446,-0.637001970155412,0.903358086572692,-1.14067383366216,0.667299212596167,1.22346149228631,-1.29095916454874,1.08954612088578,0.973043913246592,0.887883408276056,1.15180916785226,1.57361314767684,2.09706631418878,0.175013137147218,0.567081427040834,2.12777726922681,0.199099252003794,2.07631898429215,-0.0584612474189255
"Musa acuminata subsp  truncata","Musa acuminata subsp  truncata","A","Tree/Vine","Bananas/Plantains","Musaceae",NA,NA,NA,NA,4,NA,NA,NA,NA,NA,NA,NA,NA,NA,1,NA,NA,NA,NA,NA,NA,NA,NA,2,1,NA,NA,NA,1,1,2,NA,NA,NA,NA,NA,NA,NA,NA,NA,NA,NA,NA,NA,NA,NA,NA,NA,NA,NA,NA,NA,NA,NA,NA,NA,NA,NA,NA,NA,NA,NA,NA,NA,NA,NA,NA,NA,NA,NA,NA,NA,NA,NA,NA,NA,NA,NA,NA,NA,NA,NA,NA,NA,NA,NA,NA,NA,NA,NA,NA,NA,NA,NA,NA,NA,NA,NA,NA,2,NA,NA,NA,NA,NA,NA,NA,NA,NA,NA,NA,NA,NA,-0.0348771845923521,0.161093162849235,0.536439287444472,0.695409073473078,-0.62501291235534,0.922464097611817,-1.18786656814127,1.7783413697575,0.954449450791219,0.973129590670582,1.00164837079475,0.596007176126289,1.10270543469817,0.98970364888468,0.653653000748289,-1.046353016166,0.13472258922315,0.372945229385039,0.983327621995943,-0.111531439286998,-0.266776620454814,0.531833337052958,0.900930170946731,-0.271354022140034,1.27368858923766,-1.17069141135502,0.377178983382866,1.07753965722101,-1.27291067765578,0.780114215572283,0.847360003290004,0.546346665816749,1.02549301437074,1.83340833078207,1.72692245648668,1.14939827269437,-0.106218005999219,1.73600767986297,1.21365925625296,1.77615485762959,0.937580288208997
"Musa balbisiana BBB Group","Musa balbisiana BBB Group","A","Tree/Vine","Bananas/Plantains","Musaceae",NA,NA,NA,NA,4,NA,NA,NA,NA,NA,NA,NA,NA,NA,1,NA,NA,NA,NA,NA,NA,NA,NA,2,1,NA,NA,NA,1,1,2,NA,NA,NA,NA,NA,NA,NA,NA,NA,NA,NA,NA,NA,NA,NA,NA,NA,NA,NA,NA,NA,NA,NA,NA,NA,NA,NA,NA,NA,NA,NA,NA,NA,NA,NA,NA,NA,NA,NA,NA,NA,NA,NA,NA,NA,NA,NA,NA,NA,NA,NA,NA,NA,NA,NA,NA,NA,NA,NA,NA,NA,NA,NA,NA,NA,NA,NA,NA,2,NA,NA,NA,NA,NA,NA,NA,NA,NA,NA,NA,NA,NA,0.0167627870653006,-0.143190802756197,1.0576145027046,0.357680404496717,-0.606652040140173,1.17441260314451,-0.800508246546012,1.04626644480212,0.895503613997964,0.907136394351268,0.770604588030251,1.00088510285554,0.992597465232072,0.543246522492614,0.132936886933249,-0.810304076323175,-0.0867357703605665,0.12220040106712,0.836665235215587,-0.20535105278195,-0.378759014216731,0.188384146933689,0.858509163587132,-1.04345780361867,0.211503241698417,-0.780287996709261,0.411709059734178,0.934860647931312,-1.04982462383355,0.869957208307095,0.666518130954363,0.738480657932691,0.848102594457402,1.62209560649418,1.97592912692419,0.457764175003124,0.133175982790954,2.0107807922553,0.484142004153225,2.3982419434502,0.162399576012867
"Ensete ventricosum","Ensete ventricosum","A","Tree/Vine","Ensete","Musaceae",NA,NA,NA,NA,NA,NA,NA,NA,NA,NA,NA,NA,NA,NA,NA,NA,NA,NA,NA,NA,NA,NA,NA,NA,NA,NA,NA,NA,NA,NA,NA,NA,NA,NA,NA,NA,NA,NA,NA,NA,NA,NA,NA,NA,NA,NA,NA,NA,NA,NA,NA,1,NA,NA,NA,NA,NA,NA,NA,NA,NA,NA,NA,NA,NA,NA,NA,NA,NA,NA,NA,NA,NA,NA,NA,NA,NA,NA,NA,NA,NA,NA,NA,NA,NA,NA,NA,NA,NA,NA,NA,NA,NA,NA,NA,NA,NA,NA,NA,NA,NA,NA,NA,NA,NA,NA,NA,NA,NA,NA,NA,NA,NA,0.155876625806268,-0.0942586420461586,0.530432041780435,0.459115571524643,-0.261120093679078,0.490266032096928,-1.13472697352708,0.760570198544135,0.549035193351592,0.567531277051861,0.789771153848315,0.110720861490565,1.04383324552397,0.712671398001545,0.447354378130858,-0.967020055609058,-0.085964245653323,0.0367713614741113,0.653448160457016,-0.0750154958295101,-0.613568412504875,0.654636254315933,0.608139406451995,-0.173605692724289,1.10654518925954,-1.11945137670961,-0.0365331800485565,0.842839616234014,-1.20971790093701,0.222491172792591,0.641538101158052,0.113833801935464,0.80405522491697,0.857858238121493,0.839598269482252,0.365568870316715,0.00894877724022866,0.891033429189524,0.404073305703644,1.06073938984898,0.687631542843286
"Artocarpus camansi","Artocarpus camansi","A","Tree/Vine","Breadfruit","Moraceae",NA,NA,NA,1,NA,NA,NA,NA,NA,NA,NA,NA,NA,NA,NA,NA,NA,NA,NA,NA,NA,NA,NA,NA,NA,NA,NA,NA,NA,NA,NA,NA,NA,NA,NA,NA,NA,NA,NA,NA,NA,NA,NA,NA,NA,NA,NA,NA,NA,NA,NA,NA,NA,NA,NA,NA,NA,NA,NA,NA,NA,NA,NA,NA,NA,NA,NA,NA,NA,NA,NA,NA,NA,NA,NA,NA,NA,NA,NA,NA,NA,NA,NA,NA,NA,NA,NA,NA,NA,NA,NA,NA,NA,NA,NA,NA,NA,NA,NA,NA,NA,NA,NA,NA,NA,NA,NA,NA,NA,NA,NA,NA,NA,0.0548441764942375,-0.266371588064042,0.820034351603873,0.784771366907773,-1.29690436347248,1.31127198979443,-1.41507099950136,3.31580317179898,1.20668846623588,1.22145071872213,1.1624802258567,0.809356645117464,1.11279634814566,1.2526024122621,0.775859619602656,-1.56025032128661,0.0228865030500239,0.334137535901497,1.23083473320895,0.0628236762213177,-0.451049870634145,0.424524745881023,1.08611851138901,-0.719488580944031,1.91363783317927,-1.3997284062421,0.422130929158255,1.35208033862658,-1.63025084822106,0.924961893520716,1.03396797246227,0.681586631868972,1.2376844558163,2.79441392027692,2.07910487591949,2.80776738679562,-0.608669077723943,2.14950383148698,2.82525489910993,2.15481005949902,2.21533669482304
"Mangifera sylvatica","Mangifera sylvatica","A","Tree/Vine","Mango","Anacardiaceae",NA,NA,NA,NA,4,NA,NA,NA,NA,NA,NA,NA,NA,NA,NA,NA,NA,NA,NA,NA,NA,NA,NA,NA,2,NA,NA,NA,NA,NA,NA,NA,NA,NA,NA,NA,NA,NA,NA,NA,NA,NA,NA,NA,NA,NA,NA,NA,NA,NA,NA,NA,NA,NA,NA,NA,NA,NA,NA,NA,NA,NA,NA,NA,NA,NA,NA,NA,NA,NA,NA,NA,NA,NA,NA,NA,NA,NA,NA,NA,NA,NA,NA,NA,NA,NA,NA,NA,NA,NA,NA,NA,NA,NA,NA,NA,NA,NA,NA,NA,NA,NA,NA,NA,NA,NA,NA,NA,NA,NA,NA,NA,NA,0.0536607952681318,0.181805593648032,0.951235924784007,0.631160509935766,-0.391321943524966,0.799797459943251,-1.07900261077135,1.2747555381774,0.936690693256718,0.943692261444828,0.972195789223812,0.712459959205813,1.03913529388278,0.953290475478849,0.467709345441245,-0.983454713048898,0.0417635027778588,0.363243863831413,0.957873942598729,-0.191221161540282,-0.619102640747356,0.533243328752408,0.890149312128445,-0.299509546064958,0.980638912654823,-1.0572834932786,0.397686262528605,0.990999800064824,-1.13788287830116,0.844136707874666,0.773936990144748,0.597317224652239,0.974247440440931,1.47753754249035,1.74169844289565,0.501352265205072,0.177788384065124,1.77187956668495,0.558022390404009,1.70512604634471,0.786255146291842
"Cocos nucifera","Cocos nucifera","A","Tree/Vine","Coconut","Arecaceae",NA,NA,NA,NA,4,NA,NA,NA,NA,NA,NA,NA,NA,NA,NA,NA,NA,NA,NA,NA,NA,NA,NA,NA,1,NA,NA,NA,NA,NA,NA,NA,NA,NA,NA,NA,NA,NA,NA,NA,NA,NA,NA,NA,NA,NA,NA,NA,NA,NA,NA,NA,NA,NA,NA,NA,NA,NA,NA,NA,NA,NA,NA,NA,NA,NA,NA,NA,NA,NA,NA,NA,NA,NA,NA,NA,NA,NA,NA,NA,NA,NA,NA,NA,NA,NA,NA,NA,NA,NA,NA,NA,NA,NA,NA,NA,NA,NA,1,NA,NA,NA,NA,NA,NA,NA,NA,NA,NA,NA,NA,NA,NA,0.0523115739622148,0.00234007289296911,0.983238412390732,0.794755582253084,-0.503887748453238,0.72055044307483,-1.28020960072241,1.87487844296695,1.18181953352865,1.19268037079466,1.1229752296924,0.863716998298539,1.08211285148917,1.13015013546618,0.726121324251819,-1.17298510646747,0.187093377214718,0.465354450474121,1.20039522009803,-0.101791425777352,-0.19286824057195,0.11734107043094,1.06857894274895,-0.517936803180728,1.45423818565156,-1.25957543186943,0.523340242023593,1.26109727429566,-1.43686714138879,0.979253989339146,0.981180854375989,0.753412837889527,1.17521488601562,1.71344995737884,1.58003958365914,1.12702297664553,0.00498864803932319,1.62593850170789,1.2252827843664,1.70938793003462,1.16062361667411
"Phoenix dactylifera","Phoenix dactylifera","A","Tree/Vine","Dates","Arecaceae",NA,NA,NA,NA,NA,NA,NA,NA,NA,NA,NA,NA,NA,NA,NA,NA,NA,NA,NA,NA,NA,NA,NA,NA,NA,NA,NA,NA,NA,NA,NA,NA,NA,NA,NA,NA,NA,NA,NA,NA,NA,NA,NA,NA,NA,NA,NA,NA,NA,NA,NA,NA,NA,NA,NA,NA,NA,2,NA,1,NA,NA,NA,NA,NA,NA,NA,NA,4,NA,NA,NA,NA,NA,NA,NA,NA,NA,NA,NA,NA,NA,NA,NA,NA,NA,NA,NA,NA,NA,NA,NA,NA,NA,NA,NA,NA,NA,NA,NA,NA,NA,NA,NA,NA,NA,NA,NA,NA,NA,NA,NA,NA,0.0512229678520296,0.494799690583109,0.321882421876542,1.38039373473198,0.873831070457281,-1.05932232632339,-0.983752717254827,-0.258624150660555,1.22148614690323,1.23697019859178,1.15418784585689,0.93610537203903,1.11847847715612,1.53934765223332,1.0117367118059,-0.933600407264873,0.918207797827761,1.11380128853682,1.18922384031559,-0.373087440279771,0.323495019552442,0.404834070086153,1.09564846728858,1.02210694217046,1.07753047467885,-1.01221769167121,0.987379748330916,1.03015859136783,-0.812272414216791,1.13016959909793,0.933492199402433,0.965926431439813,1.1000952283303,-0.398864237821056,-0.123011373381471,-0.367353760023428,1.44199618676134,-0.263977179658539,-0.306242981682139,-0.499313189037193,-0.414978013561452
"Metroxylon sagu","Metroxylon sagu","A","Tree/Vine","Sago","Arecaceae",NA,NA,NA,NA,NA,NA,NA,NA,NA,NA,NA,NA,NA,NA,NA,NA,NA,NA,NA,NA,NA,NA,NA,NA,NA,NA,NA,NA,NA,NA,NA,NA,NA,NA,NA,NA,NA,NA,NA,NA,NA,NA,NA,NA,NA,NA,NA,NA,NA,NA,NA,NA,NA,NA,NA,NA,NA,NA,NA,NA,NA,NA,NA,NA,NA,NA,NA,NA,NA,NA,NA,NA,NA,NA,NA,NA,NA,NA,NA,NA,NA,NA,NA,NA,NA,NA,NA,NA,NA,NA,NA,NA,NA,NA,NA,NA,NA,NA,NA,NA,NA,NA,NA,NA,NA,NA,NA,NA,NA,2,NA,NA,NA,-0.533943605073132,-0.451513346005677,0.794853045266008,0.801280724635088,-1.80408631634907,1.64099584424434,-1.47651756688462,4.16188405062417,1.30998949672048,1.32301610557849,1.19781174826571,0.918252690317946,1.11847847715612,1.30143109150301,0.773036349382597,-1.63824617582668,0.00422479815010202,0.192899570273609,1.31259959722918,0.493629995704707,-0.744185321381684,0.562705181340817,1.16191603252617,-0.927219684030278,2.07548786284672,-1.45450932880448,0.472216267565959,1.45523628983492,-1.7430864283897,0.976899738299337,1.09816423877282,0.761716768389214,1.30999298286059,3.37997309717039,2.45110881241623,4.22375210596982,-0.833495050850507,2.54496341299769,4.11415706087383,2.49356834337071,3.76770820346672
"Cucurbita maxima subsp  andreana","Cucurbita maxima subsp  andreana","A","Tree/Vine","Squashes","Cucurbitaceae",NA,NA,NA,NA,NA,NA,NA,NA,NA,NA,NA,NA,NA,NA,NA,NA,2,NA,NA,NA,NA,NA,NA,NA,NA,4,NA,NA,NA,NA,NA,NA,NA,NA,NA,NA,NA,NA,NA,NA,NA,NA,NA,NA,NA,NA,NA,NA,NA,NA,NA,NA,NA,NA,NA,NA,NA,NA,NA,NA,NA,NA,NA,NA,NA,NA,NA,NA,NA,NA,NA,NA,NA,NA,NA,NA,NA,NA,NA,NA,NA,NA,NA,NA,NA,NA,NA,NA,NA,NA,NA,NA,NA,NA,NA,NA,NA,NA,NA,NA,NA,NA,NA,NA,NA,NA,NA,NA,NA,NA,NA,NA,NA,-0.115991476730215,-0.0351541973686035,0.377857966957353,0.523144379310666,-0.550210494987459,0.528045603566279,-0.995163659543609,0.934296381265435,0.661966064216022,0.663254707022028,0.796863180907819,0.37631769635853,0.876966306696242,0.650910548350897,0.426454630660186,-0.650732285275206,0.169714389124616,0.286953445295749,0.716232501740476,-0.024982212080416,-0.281950757204096,0.336982884005361,0.694284666857406,-0.153808340288332,0.957174780761665,-0.984688063270679,0.232626980689636,0.861182970746192,-1.06175699258882,0.461102071159329,0.687124271945689,0.36005815440264,0.820155256912045,1.08935391083669,0.949221928121794,0.680999314056901,-0.227725314018893,0.981969134418685,0.745491635258852,1.04833803425664,0.733257838631485
"Arachis duranensis","Arachis duranensis","A","Groundnut","Peanut","Fabaceae",NA,NA,NA,NA,NA,NA,NA,NA,NA,NA,NA,NA,NA,NA,NA,NA,NA,NA,NA,NA,NA,NA,NA,NA,NA,NA,NA,NA,NA,NA,NA,NA,NA,NA,NA,NA,NA,NA,NA,NA,2,NA,NA,NA,NA,NA,NA,NA,NA,NA,NA,NA,NA,NA,NA,NA,NA,NA,NA,NA,NA,NA,NA,NA,NA,NA,NA,NA,NA,NA,NA,NA,NA,NA,NA,NA,NA,NA,NA,2,NA,NA,NA,NA,NA,NA,NA,NA,NA,NA,NA,NA,NA,NA,NA,NA,NA,NA,NA,NA,NA,NA,NA,NA,NA,NA,NA,NA,NA,NA,NA,NA,NA,-0.423996466334378,-0.0724293170662748,1.1198613721654,0.94095611622623,0.000180431842195658,-0.51578055186361,-0.839524210544106,-0.0562731893664338,0.884232383428556,0.909080847253281,0.906218642400226,0.643887367241591,1.11548952162185,0.788024435095075,0.418535373124616,0.0419944879745287,0.813596680820757,1.13128183682586,0.857069221030622,-0.22834630631495,-0.115625955632794,-0.13480362824898,0.850069108012323,0.66021490333858,0.659833407027174,-0.828673543445668,0.60076052097822,0.779111607224469,-0.708582742975977,0.951597934020767,0.670581663198625,0.697040071054223,0.862813552791497,0.135900652875172,0.371062343488543,-0.544109515744688,0.723703630219828,0.427334777780929,-0.542302911105636,1.08951793179917,-0.464595447988646
