,Aspect,BulkDensity,ClayPercentage,annualPET,aridityIndexThornthwaite,climaticMoistureIndex,continentality,embergerQ,growingDegDays0,growingDegDays5,maxTempColdest,minTempWarmest,monthCountByTemp10,PETColdestQuarter,PETDriestQuarter,PETseasonality,PETWarmestQuarter,PETWettestQuarter,thermicityIndex,OrganicCarbon,PhCaCL,Slope,bio1,bio2,bio3,bio4,bio5,bio6,bio7,bio8,bio9,bio10,bio11,bio12,bio13,bio14,bio15,bio16,bio17,bio18,bio19
SCCS10,0.231426084,0.471158195,0.540035831,0.910261591,0.369783955,-0.368053151,-1.078532114,0.27533924,0.871504783,0.877401877,0.976870796,0.437898891,0.980842849,1.121299644,0.875468382,-0.888246584,0.495986202,0.451437608,0.912767104,-0.298468667,0.166451901,0.691917542,0.836878956,0.439478584,1.221741271,-1.083350406,0.508070533,0.945640482,-1.002782088,0.534806293,0.862515533,0.520458113,0.952706646,0.291855816,0.567732373,-0.160176505,0.575117108,0.550632703,-0.109363005,0.201937679,-0.206237703
SCCS101,0.046469908,0.023239363,0.57864321,0.49097323,-0.678956417,0.74059732,-0.892063105,1.227970283,0.766922648,0.75677006,0.790283996,0.678034503,0.890153577,0.604571336,0.385736337,-0.598671321,0.120966922,0.223415266,0.776167885,-0.104832509,-0.243547069,0.30705446,0.768731426,-0.451898012,0.71580433,-0.879631093,0.356687236,0.894925081,-1.029146423,0.627056664,0.702087731,0.560169567,0.83353439,1.438941432,1.315378937,1.078415039,-0.262663233,1.369785062,1.124917421,1.526801546,0.910729136
SCCS103,0.025104351,-0.04946204,0.410502537,0.114853282,-1.12110919,0.865551142,-0.370880073,0.563214126,0.347745778,0.251961231,0.41116049,0.693353502,0.41887003,0.042695412,-0.074426747,-0.087561582,-0.054647867,-0.004083148,0.349206524,-0.067763047,-0.33738519,0.136821998,0.475182857,-0.554364456,-0.013204989,-0.383834688,0.309575121,0.519140552,-0.530720066,0.363119583,0.35956631,0.483323856,0.462533576,1.105885606,0.852019387,1.131727838,-0.607870073,0.867382573,1.135786698,1.35949076,0.603470075
SCCS105,0.00794331,-0.213321305,0.74495694,0.590907164,-1.114728264,1.081350033,-1.220166332,2.71822964,0.984018415,0.967488782,0.982083279,0.700317246,0.92382859,0.950104798,0.585117516,-1.225433092,-0.020422427,0.207045718,1.010745014,0.065655507,-0.279272611,0.347537713,0.928863057,-0.766821707,1.515890356,-1.20578928,0.341286363,1.17960289,-1.439717688,0.736081657,0.882947952,0.580092778,1.062904177,2.294995274,1.652186266,2.414592977,-0.710429111,1.712562178,2.429610264,1.73744827,1.854731406
SCCS106,0.00580715,0.052111942,0.766524289,0.492770126,-0.513572259,0.721887126,-0.962244376,1.245776251,0.821868536,0.806385102,0.838535857,0.690078702,0.890958149,0.690983339,0.390549833,-0.753346319,0.055859018,0.234365564,0.834042246,-0.112141122,-0.234471059,0.286420085,0.80998305,-0.541784516,0.799670712,-0.945091871,0.360341976,0.95088543,-1.10554005,0.693945413,0.722517584,0.570365514,0.884203927,1.37974784,1.369478228,0.838726298,-0.165206576,1.404955115,0.892987254,1.506534747,0.764163303
SCCS11,0.13357227,0.38920012,0.326754799,0.728878752,0.476938613,-0.356330607,-0.85866946,0.137458439,0.678530751,0.662258504,0.795134658,0.401119051,0.753097284,0.830878139,0.809583871,-0.52255659,0.488223611,0.292362146,0.715840281,-0.254601255,0.136984725,0.645897234,0.704408782,0.371807148,0.851996494,-0.868381595,0.486372888,0.784429929,-0.789918349,0.362007898,0.775598092,0.477096279,0.787486592,0.197123534,0.469745597,-0.25087242,0.555545059,0.47077181,-0.228638255,0.032293307,-0.075300434
SCCS110,0.075424677,0.05312775,0.544307934,0.53059168,-0.641297233,0.813398757,-0.930581311,1.325514917,0.841895212,0.840066294,0.840083756,0.752942177,0.944249987,0.674825235,0.413152207,-0.695731691,0.100715757,0.249788985,0.843745656,-0.127593013,-0.280814147,0.286932046,0.822122657,-0.471636534,0.775663709,-0.917714693,0.386827132,0.940322532,-1.07357546,0.704383695,0.741283609,0.612230918,0.881815584,1.562793209,1.530302852,1.013916764,-0.16174259,1.571435858,1.062906465,1.76380292,0.912821171
SCCS111,0.026511575,0.063345571,0.611597469,0.535802355,-0.572412368,0.70375726,-0.969781209,1.282262022,0.80323723,0.786504505,0.837784374,0.640459891,0.872953139,0.699636511,0.439417834,-0.736903455,0.114449784,0.255230753,0.818526341,-0.100127757,-0.288515829,0.194191079,0.796578305,-0.442596162,0.868827901,-0.957530347,0.364178097,0.944849964,-1.094569634,0.632066322,0.736355902,0.548175393,0.881485186,1.429431274,1.266571997,0.995394229,-0.300286965,1.322859655,1.049941763,1.25509013,0.927150356
SCCS112,-0.005610605,0.024614331,0.787339047,0.803195802,0.218860923,0.320911946,-1.10887322,0.969396783,1.080261711,1.06643129,1.039568224,0.846390775,0.946626458,1.058207696,0.695667245,-0.943729383,0.345980559,0.457198161,1.083229082,-0.109617701,-0.03538083,0.018881772,0.998632355,-0.294875086,1.084882986,-1.101177557,0.604682957,1.121508928,-1.187907344,0.896899081,0.891148716,0.765909996,1.071380674,1.047175831,1.372915451,0.04575813,0.40494736,1.370690007,0.082702361,0.788863444,0.446913055
SCCS113,-0.04429536,-0.151639976,0.133611245,-0.439976292,-0.778156855,0.55989718,-0.070467383,-0.08860085,-0.281937349,-0.400947048,-0.029319825,0.158827879,-0.157203707,-0.557253354,-0.402336812,0.30727283,-0.374203055,-0.441973109,-0.190382315,0.065284798,-0.131011143,0.153697561,0.025116601,-0.927157104,-0.537599293,-0.073720849,-0.13284711,0.143269199,-0.287392218,-0.090928453,0.011164666,0.005257716,0.048662446,0.22969936,-0.001620878,0.505652753,-0.748573544,0.010341339,0.487991381,0.325543326,0.167681495
SCCS114,0.026429943,0.055077396,0.788736457,0.933477051,0.346512485,0.237001269,-1.049618318,1.001085483,1.219711833,1.217425361,1.083959516,1.05761236,0.986485728,1.163507754,0.812680026,-0.904878393,0.514809896,0.463311335,1.187563573,-0.202359442,-0.108779239,-0.213881567,1.092094172,-0.220984569,1.000591695,-1.049119002,0.779480528,1.143421695,-1.105892197,0.967398817,0.999845504,0.946176682,1.11240893,1.068046999,1.510175331,-0.079344581,0.722884916,1.563873854,-0.040391756,0.924341175,0.366461736
SCCS115,0.023214757,-0.165517056,0.094953189,-0.469095968,-0.704466152,0.500198763,-0.050474694,-0.101947464,-0.35888894,-0.460598375,-0.07884295,-0.01095432,-0.266661536,-0.570238038,-0.454769507,0.253624267,-0.427443203,-0.420052629,-0.287571542,0.058729337,-0.064657187,0.249084544,-0.064718123,-0.743459998,-0.492578735,-0.052839666,-0.254366289,0.046085483,-0.229080608,-0.169587097,-0.074379594,-0.130988719,-0.02432461,0.194322391,0.039160183,0.384401701,-0.534021238,0.048279073,0.367887558,0.408965753,0.088608807
SCCS116,0.094201584,0.1719404,0.795165242,0.490896715,0.321207309,0.049264658,-0.788696245,0.481566611,0.776367218,0.753779986,0.746166423,0.775829757,0.749938996,0.536213618,0.570506672,-0.379236817,0.225955494,-0.038652162,0.762484958,-0.151869593,-0.001260194,-0.087240789,0.788695971,-0.48831401,0.497093392,-0.780388249,0.487876735,0.886060962,-0.93197316,0.474933211,0.784371749,0.662658034,0.811196543,0.532749976,0.80939859,-0.066831319,0.433572414,0.83985421,-0.057072725,0.281167901,0.442417416
SCCS117,0.107643941,-0.005595005,0.718146247,0.862065381,0.144638973,0.399239106,-1.097780555,1.057402994,1.179251062,1.178775131,1.077133875,1.010024756,0.960685998,1.139649886,0.614771771,-1.002208935,0.396130362,0.592898557,1.165439561,-0.148330897,-0.308980387,-0.388784026,1.07696319,-0.402879051,0.993199684,-1.094314899,0.684593239,1.160547773,-1.191255062,1.103148191,0.904196771,0.883648162,1.115133825,1.151255954,1.573284744,0.01942606,0.589370902,1.632615764,0.058090181,1.072578049,0.364922289
SCCS12,0.010505622,0.027560713,0.725130797,0.450395798,-0.467289118,0.829122798,-0.863313813,1.177458793,0.789866225,0.789593113,0.773881309,0.720119322,0.898916439,0.615605775,0.406669256,-0.705339783,0.059737344,0.146136785,0.777732185,-0.163640727,-0.214463086,0.38680569,0.782933164,-0.586283599,0.598316353,-0.84984081,0.373982974,0.894529068,-1.017422613,0.646547235,0.722982101,0.586918421,0.826914975,1.441562602,1.547644582,0.661205344,0.00919378,1.567418164,0.697091743,1.725725778,0.475215157
SCCS14,0.051677187,0.168002381,0.750557244,0.892663829,-0.373973882,0.776831159,-1.3114812,1.780868824,1.130065114,1.141627115,1.136980595,0.69124388,1.066585039,1.244620232,0.823593148,-1.320983668,0.227694231,0.483273329,1.148692245,-0.154803327,-0.589638573,0.046870295,1.028692735,-0.218290351,1.554188281,-1.300501461,0.515439959,1.207820841,-1.366991613,0.831254632,0.994616789,0.658674111,1.161828294,1.802871399,1.601275576,0.900669339,-0.078650515,1.672694413,0.985553473,1.034941394,1.178981576
SCCS141,0.136742103,0.364191902,0.357730612,0.882211684,0.219638553,-0.10742681,-1.116197079,0.434988505,0.851352577,0.868795725,0.987172002,0.372347531,0.987012576,1.116473488,0.768358553,-0.923909644,0.446678261,0.574114728,0.912231122,-0.215240308,-0.032819669,0.72347516,0.816563141,0.46659666,1.247913117,-1.117860123,0.448851238,0.933727574,-1.024250257,0.641340962,0.775473587,0.461685289,0.950249416,0.549194199,0.816737807,-0.046188269,0.588741452,0.83580618,0.004269329,0.494869311,-0.096553691
SCCS149,0.203940251,0.479916312,0.527839708,0.869037932,0.522036891,-0.341235832,-1.020177541,0.206241359,0.833009482,0.834046332,0.941606475,0.439198355,0.954860752,1.005871979,0.955115894,-0.671820012,0.535894512,0.298801966,0.87284759,-0.27904267,0.151449508,0.818988709,0.814215169,0.483532983,1.085023164,-1.023427978,0.543822868,0.912148288,-0.932565925,0.428712087,0.870723366,0.532495068,0.917845674,0.289952989,0.618670336,-0.258745856,0.732724829,0.629640522,-0.224771602,0.095735889,-0.111679646
SCCS15,0.035867641,0.362708779,0.686513385,1.000862913,0.367617362,-0.109774731,-1.114220555,0.59011443,1.054605998,1.055418982,1.044700378,0.696031988,0.980842849,1.339991185,1.04107225,-1.136905188,0.529868068,0.286787504,1.063205409,-0.289549381,-0.215153227,0.15354617,0.970693711,0.230527902,1.254446249,-1.120382074,0.692659089,1.078866037,-1.071096567,0.602073066,0.992462375,0.731980988,1.070863453,0.640991069,0.899786046,-0.272531759,0.497037951,0.851004691,-0.181532913,-0.091498403,1.0208554
SCCS152,0.480788105,0.373996634,0.70006039,0.661400802,-0.182612888,-0.204016698,-1.075748703,0.329451428,0.714671011,0.715102022,0.85376136,0.354248729,0.85882791,0.937991528,0.384485572,-1.052248667,0.154126742,0.528102746,0.775091841,-0.247830453,-0.054170774,0.123673494,0.744475402,-0.139460438,1.138222953,-1.072400366,0.237547916,0.925451705,-1.149025558,0.643288403,0.660517257,0.364448094,0.877802956,0.252982093,0.361555336,0.140641805,0.059778312,0.291902251,0.20250837,0.326647268,-0.144248539
SCCS153,0.44389348,0.493657755,0.8987898,0.928277107,-0.076878696,-0.295674386,-1.26815793,0.446435418,0.974308334,0.996655689,1.063257048,0.471935647,1.118478477,1.286036143,0.621945518,-1.354220193,0.281332221,0.60962394,1.021286947,-0.326638849,0.066460863,0.232706653,0.916074927,0.082255684,1.495414006,-1.262852528,0.373738183,1.091855186,-1.295278429,0.758685021,0.83021828,0.495395195,1.064834627,0.340680338,0.512480063,0.109930703,0.266898177,0.421772254,0.192324489,0.394074128,-0.155379226
SCCS154,0.423945377,0.48021869,0.883178181,0.889760605,-0.081330742,-0.288040458,-1.238170381,0.427062298,0.941985023,0.958582728,1.034398988,0.46281603,1.084960762,1.2316512,0.59290257,-1.301315703,0.265936097,0.57893138,0.988734018,-0.314455239,0.081249175,0.224875249,0.893425272,0.049850452,1.43776999,-1.232734253,0.360923277,1.069224744,-1.271704102,0.730341521,0.809680179,0.483070258,1.039176543,0.326159643,0.484140229,0.121482084,0.222673506,0.396496851,0.20149276,0.373244125,-0.147893976
SCCS155,0.387672003,0.477618754,0.859018155,0.85864612,0.044772712,-0.374072026,-1.132645308,0.354747616,0.887375974,0.897287326,0.968790184,0.465148923,1.012604917,1.136388074,0.672920992,-1.121856874,0.321387778,0.46225152,0.924391105,-0.33058755,0.168523452,0.314689714,0.849415352,0.118581277,1.321071066,-1.130783953,0.393291118,0.999097879,-1.152116934,0.596629565,0.829957348,0.491928848,0.973850538,0.244316185,0.407194768,0.040665742,0.284858435,0.324663297,0.11265155,0.250790402,-0.13912617
SCCS157,-0.022477238,0.166820321,0.497688723,0.743673754,0.059264266,0.372690786,-1.063758456,0.926550285,0.934950147,0.919579456,0.972180822,0.653222358,0.916456657,0.960552682,0.66307182,-0.838703345,0.329280041,0.41165963,0.955078177,-0.132816129,-0.175007482,0.290929917,0.892913476,-0.106874995,0.995825204,-1.05918103,0.528726195,1.014204381,-1.085936577,0.737727928,0.818266572,0.630439843,0.984479781,1.083269073,1.250021893,0.283960199,0.249130022,1.317051259,0.326996489,0.833693987,0.375190283
SCCS158,0.000308267,0.163701682,0.590005249,0.757937793,-0.11800625,0.540084775,-1.117662551,1.141838614,0.97909329,0.986278835,1.014533831,0.665931803,1.033505426,1.010814601,0.705035486,-0.911286904,0.285288098,0.427622828,1.004287312,-0.15251696,-0.216650591,0.600307404,0.921234979,-0.087608882,1.085697747,-1.107394513,0.509660788,1.046535026,-1.143744648,0.798819735,0.84729099,0.632002342,1.019175532,1.306522612,1.485054727,0.477939861,0.323798131,1.542952889,0.530739361,1.365724127,0.470086347
SCCS159,0.204102398,0.120907688,0.198612842,0.117792463,0.42601186,-0.540526206,-0.224199233,-0.254399451,0.123189416,0.057741405,0.223627056,0.257429558,0.103806491,-0.014264617,0.257945552,0.206639204,0.197626528,-0.024659376,0.155891052,-0.162269479,0.509615613,0.370964957,0.266256997,-0.056845904,0.001801219,-0.228737167,0.225422656,0.297607115,-0.273285882,-0.004705055,0.35917583,0.258777093,0.259754943,-0.315308798,-0.292310112,-0.216714249,0.16154058,-0.289231998,-0.229774769,-0.366469913,-0.14213007
SCCS16,0.109598172,0.365442632,0.560336936,0.868575195,0.277112528,-0.155418846,-1.035249403,0.470979407,0.937200816,0.934903703,0.948488832,0.636070693,0.884236369,1.172090444,0.806200573,-1.046247889,0.407063242,0.333279357,0.956694066,-0.269550727,-0.125303058,0.076929239,0.882430747,0.112493373,1.110613989,-1.039591977,0.575954188,0.991506991,-1.02350305,0.628214931,0.847961764,0.643291466,0.976644936,0.490900948,0.759260716,-0.207207414,0.491836376,0.696010466,-0.140145294,0.00751539,0.773778678
SCCS160,0.453857291,0.407433072,0.742860338,0.764358432,0.032267224,-0.369124115,-1.037471882,0.278149202,0.799868539,0.807822541,0.883044143,0.441341889,0.900284723,1.024023364,0.530326643,-1.042194477,0.264097581,0.513321948,0.84612014,-0.297936293,0.16394451,0.231847926,0.781313193,0.057138304,1.183593943,-1.033363851,0.348226973,0.920850438,-1.071093402,0.631990956,0.717564218,0.456163281,0.891542652,0.170881794,0.319087898,0.012879808,0.304124689,0.244539473,0.072770157,0.222057265,-0.172180773
SCCS163,-0.005447084,0.062264261,0.749314564,0.698378009,-0.542744886,1.007665385,-1.162948604,1.785035375,1.067353613,1.082534158,1.027484753,0.80971783,1.079737746,1.013117288,0.590718078,-1.161164861,0.105525122,0.362213947,1.066601213,-0.166816773,-0.487256002,0.182383765,0.983914429,-0.543885245,1.130227303,-1.147873327,0.474047224,1.141063069,-1.299767193,0.895897784,0.884873393,0.691855458,1.073428902,1.916758867,1.899437537,1.002757416,-0.009695247,1.946492208,1.063124568,1.80112944,0.920588143
SCCS168,-0.045094832,0.015196593,0.725860751,0.376579063,-0.549438598,0.863198113,-0.87083295,1.138325251,0.750197509,0.73399507,0.752709669,0.691261527,0.869758325,0.546619117,0.267588835,-0.700938018,-0.019503695,0.135196999,0.744449221,-0.117994378,-0.172798507,0.294072429,0.757552016,-0.715293092,0.543925565,-0.853671157,0.31830623,0.892522336,-1.050544634,0.653142927,0.653013961,0.547579213,0.813168256,1.409665854,1.463212626,0.751118461,-0.194046216,1.483391213,0.789236221,1.681330593,0.472493593
SCCS169,0.025866658,0.107806381,0.757194247,0.743193491,-0.485783801,0.880529994,-1.205522843,1.643754859,1.042444225,1.050950325,1.042438048,0.712274797,1.044760865,1.05955889,0.630891697,-1.187201415,0.132015494,0.407909738,1.053045833,-0.1409608,-0.502990879,0.117280394,0.967096129,-0.407693852,1.263327829,-1.1910563,0.452531245,1.136317371,-1.306979732,0.833720438,0.889053385,0.635784825,1.078576934,1.765673482,1.657096005,0.892930458,-0.108317387,1.712434578,0.964718655,1.373554396,0.965558958
SCCS17,0.062931835,0.228380663,0.664223244,0.853790582,-0.075642114,0.319425713,-1.107808262,1.040477129,1.001450246,1.005170552,1.004839226,0.688694446,0.979509039,1.142934866,0.831244273,-1.054526658,0.359484312,0.332964181,1.013675679,-0.214333062,-0.340461023,0.166157199,0.935554291,-0.038174384,1.199607012,-1.105754294,0.566499643,1.064032178,-1.13167207,0.673350376,0.922574511,0.671077246,1.034539316,1.125442701,1.186085306,0.33622864,0.193795274,1.1919109,0.414278328,0.596629153,1.034947279
SCCS171,0.335951851,0.268945373,0.670229071,0.613175286,0.0063669,-0.280694533,-1.176679933,0.300010625,0.640476474,0.62361693,0.856202475,0.126276446,0.707079547,0.883811736,0.548721658,-1.052431484,0.094360527,0.136933797,0.734299432,-0.273264511,0.01149346,0.478838842,0.674098191,-0.015197061,1.271049455,-1.16641053,0.06837819,0.907729435,-1.233304549,0.315499939,0.708671744,0.180396144,0.863868844,0.17486823,0.266901813,0.115815921,0.036715578,0.202547935,0.171292505,0.164566918,-0.117098151
SCCS172,0.200850789,0.224701922,0.579993762,0.17178428,0.522738801,-0.434918674,-0.710569017,-0.093438331,0.128489596,0.102174032,0.437479808,-0.164055342,0.149552605,0.194334535,0.473436247,-0.343471159,-0.124331189,-0.517863173,0.204572212,-0.220316978,0.329516038,1.162507574,0.285358783,0.133264326,0.607958474,-0.696377425,-0.155661655,0.451102202,-0.735336297,-0.400472849,0.506851486,-0.091626998,0.432083267,-0.150778544,0.024660726,-0.323757238,0.550275635,0.021119664,-0.332655329,-0.25451715,0.121080737
SCCS18,-0.060033829,0.41734301,0.255487338,0.81686343,0.586080171,-0.325048653,-0.88104364,0.17838551,0.809837181,0.786686408,0.86436768,0.576846567,0.787181937,0.960338544,0.912529887,-0.60087883,0.554125331,0.227443502,0.828449716,-0.252849078,0.106220745,0.478272608,0.798021727,0.353529378,0.827402125,-0.893258404,0.635275372,0.860294366,-0.80054801,0.430926709,0.842649868,0.626718311,0.869207191,0.272994876,0.590202656,-0.316004939,0.63391379,0.576323919,-0.296865523,-0.122262657,0.359065831
SCCS184,0.184775198,0.238871784,0.685421195,0.081322653,0.459634246,-0.426615998,-0.443143612,-0.155418693,0.001217376,-0.062926096,0.269564301,-0.113254961,0.039792895,-0.053711619,0.497605169,0.131643431,0.051529452,-0.633400593,0.05579776,-0.221958289,0.392664526,1.084459139,0.199563845,0.147174874,0.287057999,-0.440202454,-0.033767292,0.311492366,-0.460165242,-0.58591476,0.484594727,-0.028054938,0.283966076,-0.170331194,-0.030094164,-0.299638506,0.412234871,-0.031440473,-0.309347353,-0.355716531,0.157151821
SCCS19,-0.001097109,0.289884371,0.753502068,0.901458319,0.090878085,0.244143837,-1.137143002,0.797402698,1.067360752,1.079121379,1.057410817,0.749799522,1.037703202,1.278334505,0.805997427,-1.222499474,0.344268208,0.335584068,1.07542284,-0.27643133,-0.289441512,0.370981457,0.983133895,-0.035356662,1.129776939,-1.13844388,0.615388511,1.090854318,-1.137855263,0.77140016,0.909987867,0.721680606,1.078913972,0.962683082,1.206573647,0.000812095,0.422993009,1.174914523,0.074543396,0.615302954,0.813759422
SCCS20,0.024785043,0.05823865,0.785467558,0.925505348,0.355525245,0.222039314,-1.036702561,0.984363573,1.207044479,1.203624755,1.07298939,1.050185724,0.97595456,1.14789466,0.816305256,-0.883579628,0.516708508,0.448227112,1.174663175,-0.204220424,-0.095189853,-0.199490444,1.082519002,-0.213410748,0.986402978,-1.036539999,0.777091744,1.132295109,-1.091775961,0.946611676,0.997888271,0.940660262,1.101529212,1.048830997,1.486873647,-0.085064743,0.719744187,1.539860318,-0.046800996,0.902033172,0.362378663
SCCS21,0.049302099,0.35771275,0.299764655,0.724110512,0.524999452,-0.330797612,-0.798157425,0.176180911,0.725973188,0.702139307,0.782979545,0.551948297,0.704868264,0.81933073,0.829070623,-0.480379732,0.508943887,0.212174054,0.743337343,-0.251908931,0.118180983,0.433404875,0.73981626,0.251216829,0.727210454,-0.810597823,0.573630912,0.796544051,-0.750630943,0.38937118,0.805478868,0.584617283,0.794281577,0.230278985,0.529457693,-0.285584071,0.599919852,0.521936546,-0.27360884,-0.031266795,0.187325598
SCCS22,0.025863159,0.371113203,0.111252997,0.860968726,0.671471532,-0.288936037,-0.894596016,0.249962857,0.89514727,0.883194145,0.899493585,0.685340647,0.785487246,1.058511959,0.908478286,-0.719538204,0.540387827,0.322003801,0.911799927,-0.2489315,0.048209839,0.320154505,0.849115211,0.321239674,0.853345922,-0.904435979,0.696406362,0.900347308,-0.817447182,0.604566424,0.831657131,0.704286444,0.909575184,0.339779578,0.741108933,-0.43349337,0.845968903,0.71885093,-0.414384294,-0.094139263,0.621338396
SCCS23,0.039791942,0.384658024,0.402345281,0.912805619,0.491531986,-0.440120948,-0.949417445,0.132701428,0.914575076,0.911652417,0.938649016,0.661092245,0.908517314,1.070396091,0.825926945,-0.701507712,0.578022963,0.483216661,0.926616965,-0.287583831,0.109558676,0.258469422,0.875243224,0.34681822,0.92098945,-0.955645066,0.654351671,0.926022729,-0.880731708,0.654351757,0.846308877,0.690840118,0.940066054,0.178258976,0.485982706,-0.342443393,0.695398244,0.45421956,-0.327609473,0.054319784,0.167830611
SCCS24,0.202962553,0.21500726,0.012113524,0.51553181,0.153824033,0.019633744,-0.809888984,0.297836559,0.643090133,0.609530016,0.704135971,0.60383058,0.538083092,0.730796662,0.438008192,-0.668582763,0.211813181,0.286008645,0.679806639,-0.144240133,-0.39872506,-0.296319762,0.714974713,-0.347316167,0.538501555,-0.818868702,0.446949253,0.8341735,-0.885375404,0.636556652,0.622683296,0.547064559,0.78199185,0.376894762,0.651801335,-0.199543841,0.317750564,0.59921257,-0.18723099,-0.039800749,0.976233939
SCCS25,0.106752119,0.117691304,0.157061316,-0.074889503,0.460260984,-0.567699927,0.060645912,-0.343586751,-0.187337072,-0.252787891,-0.038102908,0.007823973,-0.180270254,-0.327607062,0.241598991,0.587548474,0.188949656,-0.249942478,-0.148488904,-0.175844787,0.416128602,0.600366719,0.015767288,0.167073849,-0.238722977,0.043190695,0.082723948,-0.004071581,0.059138307,-0.36815345,0.21921099,0.052987014,-0.016119476,-0.387757194,-0.286025656,-0.376971391,0.394588352,-0.275281144,-0.400672736,-0.43789595,-0.184983952
SCCS26,0.406391635,0.315341828,0.347973661,0.661016118,0.249637755,-0.362806027,-0.878655163,0.124602558,0.650047333,0.6545867,0.764921789,0.344258,0.704274001,0.864022717,0.450795522,-0.800904822,0.28380379,0.599734604,0.713169865,-0.23113803,0.124254181,0.38496741,0.660452891,0.206471331,0.940844133,-0.877287732,0.332618067,0.763571983,-0.859832298,0.643826868,0.566538001,0.388997591,0.754757808,0.107801263,0.319059331,-0.166083332,0.502242659,0.30201754,-0.135324659,0.166430512,-0.297288096
SCCS27,0.081874431,0.369277487,-0.178740262,0.868914447,0.643139289,-0.11947643,-1.03722695,0.180904225,0.743888488,0.743508227,0.957999834,0.28208448,0.85882791,1.02329833,0.920421574,-0.583151861,0.619446945,0.623689593,0.825019923,-0.152513558,-0.147732747,1.132933203,0.765830663,0.747779879,1.003628685,-1.050039094,0.54926596,0.85209629,-0.84454035,0.605490103,0.753925068,0.449077096,0.895408502,0.47178405,0.911425166,-0.37471023,0.875097606,1.022022036,-0.364503765,0.309853776,-0.350281584
SCCS28,-0.163304306,0.490809634,0.333581318,1.12002767,0.595579005,-0.197794655,-1.180400519,0.398757184,1.124011734,1.142202325,1.126680685,0.731428627,1.112061014,1.429550879,0.940317227,-1.132383548,0.60012893,0.560984832,1.137875946,-0.31648157,-0.15552809,0.039052774,1.026001482,0.42519525,1.215314338,-1.185998691,0.720044333,1.096999199,-1.078934931,0.816294929,0.931752118,0.760480488,1.126974292,0.53315175,1.020459489,-0.364961141,0.977713236,0.945387392,-0.35286253,0.180608152,0.634123209
SCCS29,0.200474267,0.250582938,-0.197474357,0.559535347,0.368275132,-0.045134219,-0.85270772,0.094345566,0.478266862,0.456136422,0.727154097,0.179178191,0.599177343,0.657781237,0.573191603,-0.377260405,0.396934918,0.52259037,0.568598584,-0.093227899,-0.249201089,0.8171842,0.589857168,0.344339836,0.674005133,-0.864166951,0.349229828,0.700717413,-0.76065192,0.497835305,0.565092324,0.300796344,0.704770876,0.339270946,0.647876498,-0.238445097,0.500984633,0.742609426,-0.238184869,0.245866547,-0.296951358
SCCS3,0.06773412,0.369565662,0.288327945,0.636145838,0.445705305,-0.347188148,-0.783656053,0.086717186,0.621508502,0.588111847,0.72978185,0.426099396,0.666080435,0.712449723,0.729390405,-0.42248302,0.43978637,0.193039939,0.653651819,-0.225891927,0.181563149,0.549497655,0.665636744,0.235902977,0.693324573,-0.793618825,0.475843019,0.745543017,-0.741990964,0.311766688,0.730349166,0.478436531,0.737477449,0.145372948,0.375565878,-0.207748752,0.419448407,0.372593723,-0.191478552,-0.070358877,0.035501785
SCCS30,0.068077694,0.393968948,0.2398946,0.830806609,0.558090436,-0.323401514,-0.933884967,0.17128139,0.790381961,0.786372098,0.881317695,0.465470335,0.829491832,0.996217954,0.798161957,-0.693289647,0.512719238,0.451192173,0.830207244,-0.249686583,0.102003104,0.554472678,0.773704432,0.45029806,0.9466187,-0.940253217,0.543300651,0.844611489,-0.837858293,0.549349901,0.759653966,0.538139243,0.862669209,0.270096458,0.611828777,-0.31174129,0.735452112,0.611550023,-0.295040865,0.093574731,-0.00115262
SCCS31,-0.029996996,0.391576908,0.132373376,0.798731291,0.690096305,-0.324217985,-0.849127639,0.122191003,0.724243534,0.708263074,0.828595428,0.453149211,0.763866954,0.886243195,0.927719453,-0.453885344,0.598635764,0.301965386,0.756705567,-0.245086483,0.076363859,0.692132184,0.737781352,0.527637141,0.798239541,-0.862376351,0.590362872,0.788354024,-0.728302576,0.384044895,0.809213198,0.544535496,0.812170377,0.266419999,0.638626534,-0.395526636,0.78490755,0.658344145,-0.391977656,-0.004245018,0.07452336
SCCS32,0.398523364,0.442424307,0.800568328,0.780153089,0.01367442,-0.347113882,-1.076054359,0.32034056,0.811012056,0.814477424,0.907173805,0.430535124,0.936237103,1.034022011,0.603079831,-1.033041719,0.283974401,0.438274698,0.85198078,-0.30740861,0.133043559,0.282621138,0.798944904,0.053370653,1.216014874,-1.074768611,0.353235157,0.950155679,-1.109101384,0.562689383,0.780045283,0.453414995,0.918841223,0.218522583,0.362805142,0.04969842,0.223940828,0.286466237,0.115646809,0.230958973,-0.135852439
SCCS33,0.287941637,0.224390059,0.598405929,0.203514834,0.056683825,-0.099091251,-0.607495373,0.062907211,0.306140797,0.272979377,0.457991745,0.2981248,0.518896333,0.14964343,0.372671451,-0.085448491,0.062419039,-0.200345812,0.350136153,-0.155787172,-0.078568035,0.26653907,0.459625272,-0.349508922,0.31860214,-0.602486716,0.156008388,0.59625041,-0.738383033,0.043870266,0.553994008,0.268677551,0.520078568,0.103705737,0.158617867,0.033015624,0.082202934,0.156340306,0.032680897,-0.013007491,0.317522261
SCCS34,0.407651791,0.183819552,0.214114836,0.271033443,0.735310939,-0.828806656,-0.264694883,-0.407632421,0.28542873,0.209823074,0.329154224,0.497570475,0.207271607,0.101291798,0.585952725,0.265037059,0.393143185,-0.093818026,0.287849093,-0.250087581,0.690832713,0.364555123,0.423969175,-0.100767059,-0.009115199,-0.272819597,0.461101113,0.446183704,-0.33021919,-0.015850943,0.633187572,0.486873821,0.389077312,-0.554898943,-0.549649733,-0.373075177,0.151612383,-0.559118366,-0.397676216,-0.708093221,-0.163735727
SCCS35,-0.206853751,0.463967436,-0.056447364,0.932170869,0.559376251,-0.20857117,-0.9577012,0.21587429,0.998466901,0.985878034,0.967248736,0.870679544,0.813007222,1.211863242,0.827251414,-0.909905873,0.539117203,0.369276499,1.003984957,-0.252324344,-0.270804669,-0.249174163,0.955818428,0.118460221,0.76244357,-0.975447412,0.784490274,1.002526423,-0.904375363,0.794032342,0.84080935,0.835184583,1.012671148,0.349748343,0.805324893,-0.407698497,0.86581167,0.719212435,-0.426196498,-0.224185277,1.094093142
SCCS36,-0.424292745,0.373871133,-0.0633418,0.87163469,1.422554214,-1.338276534,-0.350917301,-0.474120305,0.851903917,0.860539978,0.661343668,0.974490956,0.900284723,0.374285193,1.664461255,0.87218601,1.256287727,-0.724203098,0.732823095,-0.404083487,1.096176669,0.415926382,0.826092325,0.744957369,0.246781708,-0.357542127,1.107042242,0.689373146,-0.255427126,-0.331054243,1.179886585,1.047573736,0.685891401,-0.755086725,-0.683224865,-0.624938617,0.644883331,-0.67394628,-0.657455506,-0.959971475,-0.394726589
SCCS37,0.162764988,0.290191957,0.56110759,0.273485582,0.462786672,-0.429415116,-0.502796589,-0.12246267,0.290268365,0.265143855,0.42880718,0.254616381,0.351285169,0.179154719,0.54372037,-0.02425235,0.146561388,-0.310560309,0.320283649,-0.242305376,0.340992651,0.666186858,0.404421507,0.079411848,0.344003529,-0.497652019,0.198238086,0.475479285,-0.541156984,-0.129173339,0.572070068,0.26099586,0.447483258,-0.122450882,0.01603545,-0.241740287,0.512163548,0.009428565,-0.25501963,-0.245971505,0.177362531
SCCS38,0.591156079,-0.140410869,-0.259186673,-0.459595806,-0.537159736,0.19975777,-0.244879667,-0.190788842,-0.396722025,-0.490500116,-0.033278917,-0.159807231,-0.256142173,-0.54627507,-0.570624774,0.300970276,-0.336045878,0.189557636,-0.276083474,0.102066038,-0.583449744,-0.222930162,0.010179774,-0.984639129,-0.411813627,-0.251882244,-0.309712724,0.202057582,-0.484313563,0.143207735,-0.056944947,-0.187657896,0.076788108,-0.09724281,-0.22028382,0.210428285,-0.731387512,-0.177808582,0.177924437,0.035085087,-0.121275318
SCCS39,0.041078107,0.432524627,0.119283347,1.013164389,0.782838399,-0.616009539,-0.868000171,-0.038132372,1.031338404,1.015893003,0.964827046,0.935720774,0.865010066,1.179022341,0.947943109,-0.727049375,0.68723219,0.473192427,1.019464701,-0.308501572,0.205644859,0.063341556,0.97230465,0.341114265,0.756695743,-0.882877687,0.883979401,0.975598283,-0.802246976,0.768389899,0.912930801,0.914424453,0.98675803,-0.041858594,0.289355395,-0.442169245,0.961012426,0.205529034,-0.444644504,-0.440469924,0.476102288
SCCS4,0.200474267,0.250582938,-0.197474357,0.559535347,0.368275132,-0.045134219,-0.85270772,0.094345566,0.478266862,0.456136422,0.727154097,0.179178191,0.599177343,0.657781237,0.573191603,-0.377260405,0.396934918,0.52259037,0.568598584,-0.093227899,-0.249201089,0.8171842,0.589857168,0.344339836,0.674005133,-0.864166951,0.349229828,0.700717413,-0.76065192,0.497835305,0.565092324,0.300796344,0.704770876,0.339270946,0.647876498,-0.238445097,0.500984633,0.742609426,-0.238184869,0.245866547,-0.296951358
SCCS40,-0.023619338,0.443945458,0.32113137,0.888823872,0.978913724,-0.868580501,-0.632699693,-0.20288342,0.859094751,0.840980991,0.781211429,0.821989962,0.746136026,0.867612583,1.056131093,-0.275334722,0.745878095,0.133404988,0.824069211,-0.354966959,0.518611372,0.343433553,0.817192813,0.517814882,0.569782701,-0.647597938,0.837872607,0.777326798,-0.552986322,0.369332784,0.90281883,0.830640196,0.792585993,-0.290398671,-0.013970676,-0.520619616,1.000799019,-0.086515773,-0.521746248,-0.644122579,0.209180931
SCCS41,-0.450803583,0.464296314,-0.033755673,1.023019716,1.248835504,-1.030774595,-0.599534163,-0.219539102,1.044127044,1.052748839,0.849198904,1.079299522,0.968167224,0.810124086,1.525859561,0.182892404,1.107880564,-0.385777339,0.947784613,-0.396641371,0.690796829,0.107194391,0.96708647,0.606241094,0.497862041,-0.610961927,1.12424459,0.8712372,-0.500258874,0.092389282,1.163211849,1.103337043,0.882063658,-0.37902654,-0.133424654,-0.616575034,0.859844903,-0.179796534,-0.645506721,-0.793312508,0.284116787
SCCS42,0.291158544,0.376275937,0.809116126,0.006620485,0.521946275,-0.364519788,-0.388539621,-0.251008299,0.21772187,0.192703276,0.299902781,0.434622296,0.450902565,-0.235246096,0.514142651,0.401141873,-0.010548473,-0.757537492,0.21632288,-0.168455764,0.115536028,0.243174806,0.402820525,-0.600481604,-0.12939339,-0.37699583,0.194478525,0.517308262,-0.60245031,-0.267770645,0.619407645,0.342591951,0.403050329,-0.256919596,-0.104333711,-0.285572304,0.439796292,-0.107208611,-0.323527388,-0.687928186,0.546553169
SCCS43,0.042161916,0.457644658,0.53081641,0.588432635,0.911701833,-0.675720838,-0.561894419,-0.174678808,0.671547203,0.642500348,0.629023027,0.733009791,0.652559201,0.478426374,0.994854818,0.013722555,0.527047932,-0.375651664,0.639507708,-0.313695512,0.423502956,0.283035368,0.701511118,0.068216211,0.32004811,-0.565208697,0.670663784,0.725449,-0.587932111,0.032177677,0.889937327,0.710609386,0.686624307,-0.217541271,0.039233609,-0.48828482,0.723618211,-0.001786014,-0.512562724,-0.712678735,0.531629741
SCCS44,0.169078148,0.342887989,0.793415803,0.112183772,0.735888977,-0.641647629,-0.149324674,-0.338735285,0.127385141,0.040754918,0.196496155,0.37082399,0.213426106,-0.261316155,0.831143568,0.779407002,0.395602036,-0.866979852,0.110545906,-0.268636827,0.574339323,0.693685019,0.313078273,-0.047983707,-0.189050455,-0.1573075,0.392434372,0.33852702,-0.223046266,-0.645804353,0.717280867,0.383899158,0.269530293,-0.376101646,-0.268658358,-0.385127862,0.370290729,-0.27346747,-0.411733915,-0.836195653,0.32134029
SCCS45,0.164050255,0.573678875,1.079547785,0.2937838,0.861820709,-0.367671237,-0.556750277,-0.007709777,0.604629118,0.611870262,0.551852846,0.76513619,0.822098628,0.084173572,0.927814587,0.184262958,0.10860392,-0.929749841,0.552757662,-0.285606055,0.315835631,0.420476792,0.658256865,-0.434276532,0.158169691,-0.538674537,0.443665317,0.73459202,-0.7473542,-0.205216613,0.918984754,0.625711048,0.638778279,0.019043368,0.379598629,-0.436232504,0.911814414,0.349844325,-0.462337822,-0.396783726,0.761297709
SCCS46,0.26849047,0.163352957,0.036380744,0.473488364,0.965536519,-1.128669383,-0.191865886,-0.489263639,0.460275936,0.468810483,0.361804868,0.572782046,0.328536275,0.31926419,0.528563033,0.119036656,0.515596243,0.167589306,0.449805954,-0.30752487,0.931464947,0.130338233,0.449786916,0.396504376,0.213178545,-0.185404313,0.534508785,0.363990671,-0.167155064,0.274681475,0.439954103,0.573978429,0.364712707,-0.758479599,-0.65653653,-0.609507681,0.833203866,-0.683395507,-0.638713062,-0.630913367,-0.513415421
SCCS47,0.182820974,0.376236633,0.806212428,0.183967773,0.691449607,-0.454131192,-0.264994519,-0.124367869,0.27649197,0.202575179,0.30935951,0.492947988,0.351230362,-0.123755513,0.836383115,0.572529852,0.342867654,-0.80717206,0.251317061,-0.281286384,0.495337569,0.635520449,0.42070879,-0.127151269,-0.05336577,-0.268489715,0.429206694,0.451188665,-0.357854412,-0.479812002,0.770142428,0.466638958,0.381252192,-0.106633775,0.095442014,-0.355711776,0.441851701,0.0774563,-0.373982786,-0.426751245,0.398143867
SCCS48,0.206032247,0.260380417,0.494827443,0.188993321,0.209428608,-0.226151307,-0.535896243,-0.070192175,0.259271978,0.188489773,0.422546816,0.268888558,0.388173103,0.095258393,0.38438538,0.07689017,0.169287462,-0.192258647,0.299756271,-0.133959738,0.173067597,0.401929939,0.426410648,-0.259243185,0.201560854,-0.535871394,0.225190709,0.549263498,-0.627592587,-0.016355609,0.52678914,0.279124356,0.478614722,-0.012701662,0.060063236,-0.039745652,-0.005026553,0.07066096,-0.039281087,-0.228560086,0.09182602
SCCS49,0.125792065,0.406130751,0.634664332,0.59340067,0.794494902,-0.798375748,-0.467559441,-0.306869212,0.54562429,0.497842918,0.561347449,0.588557529,0.563014499,0.418299283,0.909884724,0.136780453,0.594758647,-0.135182829,0.52222009,-0.310115003,0.482377769,0.589583516,0.612393088,0.355350532,0.291779118,-0.482778682,0.620650172,0.604182781,-0.449563576,0.01696707,0.80564792,0.607697937,0.586846914,-0.381426991,-0.206912634,-0.381538561,0.785001818,-0.263105967,-0.375229876,-0.714563262,0.056620299
SCCS5,0.50683137,0.289529961,0.559780806,0.473017528,-0.257248789,-0.139317154,-0.939930424,0.246874493,0.531397606,0.516358257,0.705882051,0.27117561,0.675545157,0.692312976,0.216866786,-0.839092297,0.064334638,0.470558374,0.601307061,-0.192200996,-0.139322518,0.046708912,0.623346325,-0.295965937,0.886088092,-0.937963545,0.141413609,0.807990425,-1.045788238,0.561831966,0.5407283,0.272014847,0.7457806,0.191077449,0.255020235,0.16232023,-0.086423945,0.200229308,0.209696992,0.279051838,-0.136391584
SCCS50,0.448438902,0.174398605,0.486082674,-0.029983718,-0.000915204,-0.180749744,-0.393371558,-0.135782854,0.043355923,-0.027593695,0.238970172,0.17171369,0.185033761,-0.165903434,0.162736273,0.225354284,0.013246408,-0.24005219,0.095947023,-0.116178756,-0.048934859,0.148580225,0.289942461,-0.535154086,-0.018438103,-0.394382143,0.06307002,0.428079944,-0.561719122,-0.088822658,0.400881637,0.154461699,0.327371318,-0.127284335,-0.113504547,-0.016162311,-0.135634762,-0.119719836,-0.027895934,-0.275017101,0.144737573
SCCS51,0.191857305,-0.010487783,0.165170575,-0.044085607,0.021815837,-0.192628218,-0.689973093,0.020120606,-0.293044823,-0.343907935,0.25596608,-0.782540893,-0.361718031,0.123355181,-0.06276919,-0.618208188,-0.382769208,-0.14139235,-0.140774503,-0.1286644,0.150433709,1.497270024,-0.035104425,0.357994863,0.739538647,-0.684933691,-0.61055248,0.167213656,-0.629506183,-0.465199226,0.103785059,-0.60390619,0.198568361,-0.000846819,0.096071818,-0.149157311,0.197413081,0.106636739,-0.139816817,0.289159586,-0.27462093
SCCS52,-0.514458996,0.439961806,-0.843084615,-1.132543228,-1.973492125,1.922172584,-0.392657759,0.168109836,-1.022265291,-1.007930499,-0.391613545,-1.342354852,-1.351683113,-0.859561344,-0.602571311,-0.453633552,-1.332048613,-1.450153338,-1.000785231,-0.277236529,-1.009403773,1.522440209,-0.677703616,-1.477969364,-0.539788719,-0.35738744,-1.485654005,-0.183701268,-0.700646652,-1.381021563,-0.286759512,-1.3211671,-0.328171207,0.488189187,-0.004543028,1.088251056,-1.112614686,0.067134394,1.076274841,0.41835413,0.627306491
SCCS54,0.565321761,0.079890978,0.228307493,-0.323440842,-0.070623507,-0.332430955,0.013451582,-0.338389274,-0.482968656,-0.600603492,-0.140827068,-0.202026737,-0.339452515,-0.605914224,-0.437040525,0.678456187,-0.007547966,-0.249523044,-0.373102066,-0.141014273,0.359471456,0.730314866,-0.072039803,-0.322025975,-0.427652099,-0.012835072,-0.109278918,0.009414811,-0.083802314,-0.538123635,-0.047902678,-0.146755842,-0.061048246,-0.322998571,-0.380397649,0.036223524,-0.609344129,-0.396677487,-0.005153378,-0.413104127,-0.125389288
SCCS55,0.587131437,0.02909105,0.127252091,-0.107830901,-0.487376149,0.060173107,-0.521157399,-0.007737721,-0.033695393,-0.09643502,0.249920848,0.015033494,0.110423334,-0.065195893,-0.299957804,-0.181860153,-0.212524347,0.293129893,0.065470655,-0.020676838,-0.401873729,-0.190598552,0.249865005,-0.778524556,0.108672272,-0.523450015,-0.155000502,0.445818144,-0.727473168,0.31067462,0.171379015,-0.012987666,0.338711669,0.000204797,-0.073462994,0.229162041,-0.537214238,-0.082428934,0.231861908,0.13229926,-0.112165971
SCCS56,0.238193866,0.257421476,0.728763658,0.341849801,0.363667306,0.01893437,-0.587038747,0.363643773,0.569092351,0.523474945,0.570141269,0.66790962,0.574802048,0.262545492,0.624875419,-0.038074764,0.221517122,-0.316220079,0.555339635,-0.214740699,0.083648232,0.204808208,0.644038768,-0.396732103,0.291225116,-0.583438631,0.440747468,0.716208562,-0.723366919,0.134609602,0.762462207,0.576562258,0.640425591,0.461024354,0.768474949,-0.163792057,0.418417561,0.764020849,-0.162353027,0.358688518,0.439478849
SCCS57,0.222718355,0.388870045,0.817029757,0.213955827,0.864899828,-0.725080641,-0.249544706,-0.340689262,0.293258488,0.253507935,0.301180016,0.482126656,0.37570941,-0.064088177,0.77961691,0.469065114,0.305582152,-0.6846104,0.273501016,-0.284557167,0.610073258,0.55486437,0.402155945,-0.046360477,-0.023265845,-0.246308457,0.403559668,0.422308694,-0.333769794,-0.363675589,0.690345329,0.453171792,0.361236682,-0.418745711,-0.240183088,-0.486871814,0.705836206,-0.255961861,-0.516214451,-0.822103091,0.307846879
SCCS58,0.122906497,0.26197837,0.340535149,0.360632596,1.018188876,-1.053247721,-0.103263648,-0.459554491,0.317148438,0.276880695,0.272088564,0.504992192,0.248160989,0.075153709,0.807500536,0.496928953,0.568481407,-0.349974452,0.288914421,-0.329840761,0.949181872,0.534160749,0.378975486,0.366058632,0.018702265,-0.109842458,0.54376119,0.307958495,-0.082327225,-0.244700945,0.629743862,0.526548172,0.295582069,-0.656056122,-0.549485004,-0.581617569,0.676819679,-0.568287742,-0.607806621,-0.812040721,-0.198634164
SCCS59,0.244472933,0.406946022,0.947578252,0.18587145,0.642245765,-0.366989721,-0.336673675,-0.089658501,0.317441884,0.249151761,0.35116262,0.512686294,0.42872236,-0.113902105,0.826811004,0.533387625,0.300193581,-0.858182528,0.295846746,-0.272380093,0.402443292,0.583094741,0.460265161,-0.216446539,-0.014687008,-0.333900153,0.417283815,0.514905765,-0.455221388,-0.451362567,0.781503535,0.476675932,0.431013384,-0.042535791,0.182479162,-0.330302097,0.485417835,0.163827731,-0.349461138,-0.407788357,0.513266781
SCCS6,-0.101670997,0.087480903,0.864633893,0.892785554,-0.261028985,0.361311928,-1.150681814,1.169256804,1.03976824,1.052556179,1.053544273,0.675814074,1.074631598,1.076369412,0.676954578,-0.862859145,0.409388118,0.678853819,1.044453361,-0.17236641,-0.422146114,-0.015875202,0.964911697,0.045081902,1.242114725,-1.139353398,0.538728519,1.064835204,-1.150731806,0.860939447,0.880950454,0.668523733,1.058233516,1.249372949,1.184769475,0.439750737,0.159933672,1.250937492,0.496897862,1.038763451,0.644586327
SCCS60,-0.030476828,0.249194219,0.238359286,0.450825412,0.187230808,0.014861542,-0.64117644,0.211383943,0.52356169,0.484654793,0.602678217,0.522104618,0.542662861,0.523888189,0.482424751,-0.389009391,0.234329189,0.061373376,0.550841133,-0.198982527,-0.045175556,0.179387354,0.596361547,-0.106977771,0.428428468,-0.648630405,0.39553921,0.662105409,-0.676414774,0.334006635,0.611689318,0.473957411,0.638986193,0.376566191,0.615567976,-0.112305611,0.336136973,0.575185839,-0.113501507,0.2898926,0.3780593
SCCS61,0.462610622,0.087471353,-0.093718617,-0.036585217,-0.363235863,0.740825106,-0.597658418,0.739290567,0.348272188,0.302338931,0.445397277,0.552391733,0.354800338,0.075199525,-0.201303796,-0.427869321,-0.373101787,0.185697786,0.379325914,-0.075522865,-0.478245002,-0.24616117,0.512281673,-1.078373775,0.145051279,-0.592624915,0.047806497,0.643058345,-0.874113476,0.621676631,0.369859677,0.339713255,0.539868126,0.997206143,1.333144427,0.171171521,-0.230236534,1.2889793,0.17988095,1.736852956,0.235270278
SCCS62,0.116319181,-0.014122263,0.692488399,0.809585098,0.159544463,0.37377649,-1.052488888,1.015200442,1.097743518,1.102107351,1.018228164,0.89780232,0.871395121,1.082567779,0.563692553,-0.991314501,0.344976789,0.553013944,1.074296737,-0.147017149,-0.241177326,-0.301127385,0.996481288,-0.308026068,0.971092874,-1.048499037,0.598924802,1.074959335,-1.12611552,1.012354128,0.833339133,0.78716677,1.042890819,1.10896023,1.55058969,-0.026215094,0.667052117,1.606057746,0.012118587,1.09783207,0.320943086
SCCS63,0.214233607,0.451731619,1.013348913,0.186431416,0.764411706,-0.445796616,-0.364785647,-0.143212715,0.334408721,0.297025824,0.361649685,0.477012271,0.47456262,-0.096999619,0.842452566,0.449759197,0.21782068,-0.935618071,0.292547867,-0.27569849,0.461193267,0.623453289,0.446596528,-0.159027697,0.025162593,-0.356502593,0.353346494,0.502862324,-0.479551917,-0.481947639,0.767657127,0.432389393,0.429355812,-0.119937803,0.156440348,-0.427231056,0.73719859,0.136495394,-0.450322581,-0.504836563,0.556397694
SCCS64,0.164827765,0.310086863,0.676445339,0.020017951,0.581888948,-0.474322887,-0.214380582,-0.282581677,0.046300828,-0.000212502,0.179952246,0.184014671,0.138635565,-0.253155,0.568321364,0.485751355,0.119998128,-0.788109396,0.020781766,-0.222104484,0.524771268,0.769192741,0.219693663,-0.019753991,-0.112967527,-0.21379963,0.138393769,0.26514518,-0.2837898,-0.569865641,0.529341111,0.179831089,0.221545159,-0.280953849,-0.104473495,-0.395367422,0.580229314,-0.109195709,-0.42100548,-0.510765211,0.285534059
SCCS65,0.218345113,0.157865428,0.111059482,0.030027372,0.671405348,-0.812254007,0.019945132,-0.425501345,-0.072272803,-0.108503139,0.03141122,0.08809853,-0.112750138,-0.202558607,0.195514623,0.448856081,0.22041355,-0.10547735,-0.057907651,-0.236801261,0.767855596,0.464035476,0.081923557,0.27262732,-0.1353379,0.014072629,0.131768842,0.036438225,0.033793146,-0.200709561,0.195179478,0.130138507,0.038794926,-0.578241426,-0.484180301,-0.476604579,0.524267827,-0.495511789,-0.501897259,-0.465255388,-0.3337177
SCCS66,0.213834763,0.112732445,0.238870788,-0.172795342,0.439116607,-0.510705408,0.013945843,-0.347136162,-0.249495012,-0.311936815,-0.057414027,-0.091588906,-0.239635422,-0.43015055,0.20823692,0.559588864,0.040959201,-0.488258093,-0.259800677,-0.169905915,0.526433065,0.641483372,-0.03051308,0.061179387,-0.284638053,0.003150095,-0.056737661,-0.013479175,-0.01766176,-0.562475205,0.229426479,-0.056899757,-0.032310172,-0.384444772,-0.261158159,-0.379184314,0.336671327,-0.265535606,-0.402468517,-0.333446618,-0.077022059
SCCS67,0.193813285,0.160657382,0.179759508,0.056580223,-0.221399577,0.081081701,-0.473579905,0.110991029,0.043925282,0.001897149,0.319449883,0.029955923,0.073008127,0.073994995,0.042544274,-0.261416106,-0.126146334,-0.064471635,0.084405558,-0.151063685,0.212643785,0.777141674,0.240342276,-0.087534096,0.252423107,-0.474914111,-0.090351461,0.333926114,-0.528268293,-0.013795309,0.293466487,0.010439084,0.321696652,0.219237383,0.335795038,-0.009730346,0.143349593,0.321373707,-0.000228284,0.557289739,-0.059840371
SCCS68,0.084982403,0.030236157,0.625021688,0.62213624,0.183625158,0.187388495,-0.84105927,0.694775468,0.87800677,0.84170738,0.832603096,0.843595324,0.734679229,0.742068373,0.55662991,-0.546883244,0.35922482,0.279168623,0.870399142,-0.136486531,-0.043009624,-0.164985928,0.863940467,-0.394074298,0.637414407,-0.840129217,0.58716069,0.938812046,-0.942110101,0.694729868,0.800040909,0.742645799,0.882730921,0.765609691,1.048643988,0.013857996,0.352717454,1.095234459,0.037284849,0.630374846,0.306286009
SCCS69,0.046725543,0.030145063,0.76191793,0.889643322,0.250410619,0.307848668,-1.066983772,1.016080811,1.193729586,1.189287476,1.074811748,1.031796498,0.970671461,1.137492014,0.711147097,-0.938102802,0.452932412,0.506656134,1.169701954,-0.173899247,-0.176516416,-0.290143954,1.079157993,-0.314311532,0.984519727,-1.064632667,0.730900285,1.147080317,-1.142405437,1.015924481,0.949516723,0.912823241,1.108335711,1.095868635,1.518372899,-0.020814617,0.631333527,1.573945589,0.018377433,0.977582551,0.366159392
SCCS7,-0.161954815,0.486083377,0.338606079,1.093385857,0.611900696,-0.224250339,-1.142379454,0.37268119,1.093440924,1.108025417,1.096437916,0.72160782,1.08049147,1.380351016,0.946058717,-1.069329652,0.602581696,0.518232279,1.105309523,-0.317970899,-0.118249644,0.069457308,1.002705813,0.425804741,1.171414446,-1.148683734,0.715521029,1.069017686,-1.042476787,0.765949995,0.928627823,0.751488025,1.097814875,0.498468361,0.973634517,-0.371493873,0.961776862,0.900546251,-0.360408801,0.144027014,0.615314053
SCCS70,0.072234241,0.002230325,0.711883442,0.799977623,0.1332961,0.3692339,-1.054284683,0.988408073,1.116754157,1.105678832,1.028179716,0.970792797,0.915356553,1.05162912,0.569723393,-0.924043119,0.365812024,0.526420664,1.104208331,-0.1367919,-0.237354023,-0.361364164,1.031028213,-0.431580515,0.917845625,-1.050166156,0.650863567,1.119188491,-1.154826591,1.026351557,0.86815185,0.84624382,1.069586728,1.079953083,1.460764198,0.04981984,0.484584255,1.517012584,0.087303497,0.990520603,0.353456657
SCCS71,0.096299461,0.219540024,0.248439108,0.875655368,0.389897951,0.237255457,-1.090073116,0.735542629,1.022146513,1.026032851,1.050858096,0.72316745,0.96349536,1.110912029,0.774470766,-0.865376625,0.45897385,0.584783887,1.045389028,-0.171835323,-0.222895512,0.375610631,0.961976484,0.120065049,1.030653669,-1.092916291,0.63254051,1.040778027,-1.056309016,0.896331088,0.860407982,0.711835278,1.039578295,0.960615701,1.452536636,-0.174436893,0.75786639,1.519184233,-0.145745224,0.97372188,0.051792775
SCCS72,0.166936891,0.03753776,0.560675505,0.720077898,0.063896747,0.51058604,-1.028592196,1.067635632,1.074920186,1.069631457,0.992241943,0.974373315,0.893022523,0.980921932,0.487737759,-0.948011247,0.24113933,0.511320983,1.063086045,-0.149721268,-0.331705881,-0.34585502,1.005528999,-0.534156387,0.873372842,-1.023908819,0.587647499,1.093114837,-1.158946693,1.04424582,0.833825243,0.817302186,1.039067295,1.21122349,1.657366719,0.042040875,0.473238707,1.688749761,0.078094056,1.350033781,0.363203993
SCCS73,0.07258452,0.14895015,0.389893854,0.773410733,0.269367878,0.279854381,-1.029731061,0.774343747,0.987688316,0.97692256,0.987688264,0.775674677,0.895284661,0.991269943,0.639104825,-0.814698942,0.374996726,0.499852722,0.999447921,-0.148927319,-0.180582489,0.125494488,0.937753295,-0.131019083,0.907411987,-1.029357979,0.594914129,1.024641139,-1.057891914,0.874813055,0.821133461,0.719192195,1.000436091,0.95464959,1.374816879,-0.063318506,0.553611929,1.431144922,-0.032971484,0.953932745,0.153882158
SCCS74,0.043223934,0.040937035,0.756277976,0.91840939,0.194581793,0.438376461,-1.139707564,1.148795691,1.275896407,1.276575346,1.139400115,1.098708484,1.04649857,1.211854432,0.678443037,-1.073321478,0.402314951,0.556674167,1.248589792,-0.17093459,-0.224466553,-0.346905896,1.1388957,-0.390408532,1.058539093,-1.134155838,0.739342545,1.214344598,-1.231616203,1.129465576,0.963733866,0.953221215,1.173288867,1.264378012,1.731585292,0.02338582,0.626328229,1.779755113,0.068464777,1.239552815,0.404878032
SCCS75,0.117820499,0.038574926,0.537526147,0.583753518,0.027227555,0.44071348,-0.932282629,0.907121823,0.925631586,0.89956331,0.8793407,0.872186539,0.780010498,0.789859369,0.382046929,-0.776041029,0.181166898,0.394151307,0.920281591,-0.12068195,-0.218845647,-0.30562711,0.898519958,-0.592950718,0.708710489,-0.926968474,0.50639425,0.997362266,-1.07665259,0.888362551,0.746608369,0.724443834,0.933950153,1.039624995,1.392660223,0.099424876,0.260309799,1.421510036,0.131283278,1.14103298,0.329109163
SCCS76,0.043223934,0.040937035,0.756277976,0.91840939,0.194581793,0.438376461,-1.139707564,1.148795691,1.275896407,1.276575346,1.139400115,1.098708484,1.04649857,1.211854432,0.678443037,-1.073321478,0.402314951,0.556674167,1.248589792,-0.17093459,-0.224466553,-0.346905896,1.1388957,-0.390408532,1.058539093,-1.134155838,0.739342545,1.214344598,-1.231616203,1.129465576,0.963733866,0.953221215,1.173288867,1.264378012,1.731585292,0.02338582,0.626328229,1.779755113,0.068464777,1.239552815,0.404878032
SCCS78,0.00584125,0.009709374,0.88041631,0.599194062,-0.456524473,0.59105115,-1.108231371,1.522262115,0.9633772,0.943609394,0.949294132,0.74543634,0.898361288,0.848469408,0.543834731,-0.904002963,0.115869278,0.315955757,0.985480218,-0.070975027,-0.064981858,0.092575262,0.914305215,-0.599533731,1.134588649,-1.089462311,0.425290093,1.104086947,-1.279209211,0.781144097,0.839134644,0.639708529,1.011054434,1.397795185,1.237962073,1.019575116,-0.201093198,1.278002954,1.101633409,1.367747903,0.979319551
SCCS8,0.08131372,0.195084814,0.2984957,0.531254142,-0.03087975,0.224084381,-0.872831847,0.492028143,0.65500749,0.641248822,0.74260433,0.510240763,0.715723919,0.71607293,0.374762925,-0.692753187,0.189328991,0.374907496,0.689707191,-0.163616108,-0.31924025,0.007387355,0.709597146,-0.257243054,0.641878689,-0.872508194,0.351787913,0.828302433,-0.938551235,0.634376738,0.613105068,0.472123193,0.788848679,0.654715943,0.87925808,0.091060797,0.254362874,0.85550002,0.09885131,0.611465061,0.432082938
SCCS81,0.199856733,-0.039701037,0.553420751,0.611457232,0.004058389,0.373280669,-0.937540287,0.840884878,0.890547545,0.872388884,0.869433142,0.804963907,0.732425365,0.822827384,0.383163526,-0.764826963,0.252286084,0.515763382,0.900046375,-0.100785755,-0.364673156,-0.3920975,0.881913651,-0.539392009,0.726714764,-0.935686697,0.499264193,0.985958342,-1.065207123,0.932603723,0.725493471,0.690559824,0.923386242,0.930181346,1.248518546,0.064619091,0.332566757,1.30348498,0.090446763,0.893389298,0.289117808
SCCS82,0.096141772,0.025581829,0.717361421,0.901250757,0.166167936,0.455458376,-1.131773523,1.146253464,1.248906327,1.253349386,1.123176581,1.075411159,1.021892624,1.197785043,0.65271954,-1.072552272,0.388211147,0.589287101,1.226803259,-0.167487083,-0.296619049,-0.369725379,1.123630471,-0.403850816,1.047759695,-1.127173979,0.716905203,1.200874842,-1.227146196,1.145424358,0.944915589,0.931654465,1.158593857,1.26246708,1.734997409,0.01112227,0.641676441,1.784469448,0.053722546,1.257415105,0.393836009
SCCS83,0.266227186,0.216447216,0.72218386,0.768148967,0.110333214,-0.024764111,-1.002853295,0.592402514,0.924611537,0.916389492,0.928152015,0.707218281,0.89258239,0.975526015,0.634275784,-0.853544448,0.362960668,0.414026958,0.938110272,-0.22620441,-0.017732794,0.020833954,0.89252243,-0.158147982,0.98968631,-1.001704743,0.525552981,0.998501036,-1.065885896,0.713185609,0.836836614,0.660368061,0.957199135,0.589333734,0.847109757,0.008653907,0.400013459,0.839442103,0.05337547,0.526497187,0.12292766
SCCS84,0.11160829,0.127551813,0.60440512,0.89092016,0.158563396,0.663029831,-1.160918548,1.357309933,1.335058376,1.347388906,1.168880246,1.200249535,1.114545371,1.219110673,0.650105119,-1.19567097,0.260638103,0.523417825,1.295329261,-0.212415066,-0.284302212,-0.295699771,1.180266569,-0.498746513,1.088343126,-1.152858165,0.722600364,1.245790161,-1.286678772,1.200832715,0.988655329,0.994954117,1.204602261,1.559928512,2.165337271,0.008035799,0.679695835,2.172463663,0.057823058,1.877304163,0.458954572
SCCS85,-0.020634258,0.024278987,0.715573062,0.682951536,0.12244946,0.302106022,-0.970598789,0.851477491,1.003006213,0.969163716,0.937031202,0.902036097,0.834950141,0.881449836,0.490344762,-0.768031989,0.311051933,0.379876157,0.990823595,-0.115150367,-0.064037757,-0.297016322,0.945518769,-0.483382492,0.771628921,-0.964777778,0.592753117,1.042082324,-1.083832153,0.866108797,0.803902957,0.780421282,0.984615453,0.938143564,1.234301391,0.115717214,0.268615872,1.283841917,0.151872724,0.81896309,0.335126236
SCCS87,0.040033721,0.066714611,0.678618935,0.798453958,0.147156092,0.462027501,-1.069399407,1.091430252,1.172087436,1.161246621,1.056849123,1.04668302,0.974607288,1.061259772,0.58014762,-0.97891753,0.305127388,0.461722339,1.146996352,-0.161083766,-0.173132456,-0.303930986,1.065120139,-0.475491494,0.936862121,-1.062752044,0.664805538,1.146532123,-1.18430615,1.034805072,0.899168891,0.889139333,1.097805797,1.227261914,1.668524187,0.060314971,0.480895673,1.701450509,0.103072564,1.291028048,0.39341574
SCCS88,0.290024095,0.323254071,0.855309811,0.90919709,0.018061421,-0.057585697,-1.207838362,0.662304747,1.058382343,1.069532362,1.073529709,0.675710988,1.071990199,1.234268083,0.630335747,-1.221678758,0.32822624,0.579803908,1.080629091,-0.263478454,-0.022081463,0.024094638,0.9789702,-0.087071643,1.314696851,-1.202603469,0.495662123,1.120908636,-1.257448743,0.867504722,0.864630633,0.644395074,1.087625743,0.627866192,0.883434572,0.086729878,0.365908106,0.845756207,0.154691134,0.62164898,0.037269215
SCCS89,0.120992226,0.350529493,0.450354636,0.86592769,0.30489951,-0.103222104,-1.111002802,0.431627249,0.915640515,0.910812516,1.008418113,0.519575053,0.972257387,1.097415444,0.746416765,-0.894572202,0.446374606,0.522737687,0.957026122,-0.208368664,0.032448739,0.514175045,0.877500498,0.245254624,1.132717931,-1.112039756,0.524490114,0.995238574,-1.061980832,0.699734975,0.813985439,0.567424401,0.99202598,0.536180791,0.842474842,-0.077078823,0.503002188,0.86723396,-0.032791679,0.435615234,-0.110002298
SCCS92,0.034170451,0.024271526,0.569436741,0.452050033,-0.658097743,0.704652151,-0.863396891,1.16234704,0.726919981,0.709449918,0.75860757,0.654582269,0.849283127,0.552554478,0.352086263,-0.552329523,0.104744447,0.194133581,0.737548181,-0.096358301,-0.206629751,0.291634018,0.740793725,-0.477002413,0.663305133,-0.851092193,0.337831486,0.869296668,-1.005253142,0.589670228,0.676502774,0.538302643,0.80484615,1.366192731,1.235031351,1.051590289,-0.306092855,1.287462016,1.096090575,1.442798749,0.873184307
SCCS93,-0.066565015,0.008182486,0.68947997,0.709050808,-0.702271113,0.937244626,-1.167379641,1.904426177,1.037535211,1.044735369,1.018429487,0.767137401,1.027921172,1.00184341,0.607238981,-1.102462259,0.131010068,0.339650891,1.047259862,-0.049685034,-0.466046282,0.30184051,0.963639698,-0.480234003,1.237071815,-1.154441959,0.459034587,1.131859309,-1.296507188,0.830067792,0.887428218,0.663237012,1.064465017,1.916370695,1.712249267,1.431299088,-0.18672909,1.774561097,1.462505716,1.639778934,1.339016938
SCCS94,-0.041276991,0.029908397,0.762884671,0.650780751,0.210768581,0.254512682,-1.049429941,0.812320302,0.879070837,0.848669613,0.921341361,0.631111958,0.835854503,0.86202367,0.655855611,-0.801075676,0.244943898,0.329659093,0.905742861,-0.059591105,0.133225608,0.323668824,0.854676311,-0.271789715,1.042622652,-1.039396738,0.461763786,1.016464516,-1.132349642,0.672866447,0.802974756,0.591081998,0.955365776,0.876086062,1.086800919,0.081497542,0.161936527,1.036024873,0.111233446,0.502499626,0.475691889
SCCS98,-0.078530967,0.084775486,0.609386649,0.466647983,-0.334101643,0.675026181,-0.895090272,1.006046401,0.817689816,0.80067632,0.815887395,0.745985813,0.860185078,0.641317344,0.353158372,-0.70382025,0.068195235,0.193421896,0.823277946,-0.171010904,-0.150668816,0.42965491,0.807002091,-0.599808931,0.577474235,-0.886882001,0.409657845,0.923109501,-1.034611501,0.70490624,0.705824446,0.612902452,0.86164532,1.255061155,1.372228545,0.595855117,-0.010686372,1.402924635,0.621664121,1.546820662,0.332992764
SCCS99,-0.018773455,0.028495351,0.608671209,0.422555887,-0.334510265,0.477458029,-0.854193579,0.896439988,0.680170155,0.641285308,0.734921186,0.591620346,0.748228097,0.526987045,0.368229084,-0.521044182,0.110555922,0.167534349,0.699137159,-0.064681752,-0.01193348,0.265213465,0.710548697,-0.471715942,0.658636119,-0.842907255,0.332271833,0.855025439,-0.98875862,0.527358944,0.65580379,0.503157148,0.784384201,1.039203258,0.99792191,0.681927283,-0.261283532,1.013105479,0.717025841,0.947088844,0.658813839
